REGION,YEAR,WEEK,TOTAL SPECIMENS,TOTAL A,TOTAL B,%UNWEIGHTED ILI,ILITOTAL,NUM. OF PROVIDERS,TOTAL PATIENTS
Missouri,2010,40,160.000000,0.000000,0.000000,1.101760,106.000000,33.000000,9621.000000
Missouri,2010,41,168.000000,0.000000,0.000000,0.930521,90.000000,32.000000,9672.000000
Missouri,2010,42,175.000000,1.000000,0.000000,0.989890,94.000000,32.000000,9496.000000
Missouri,2010,43,186.000000,0.000000,0.000000,0.959713,91.000000,31.000000,9482.000000
Missouri,2010,44,178.000000,1.000000,0.000000,1.167680,100.000000,31.000000,8564.000000
Missouri,2010,45,190.000000,0.000000,0.000000,1.223740,106.000000,31.000000,8662.000000
Missouri,2010,46,191.000000,0.000000,0.000000,1.203670,101.000000,31.000000,8391.000000
Missouri,2010,47,184.000000,1.000000,0.000000,1.414070,78.000000,30.000000,5516.000000
Missouri,2010,48,181.000000,3.000000,0.000000,1.567320,132.000000,30.000000,8422.000000
Missouri,2010,49,226.000000,10.000000,0.000000,1.370360,113.000000,31.000000,8246.000000
Missouri,2010,50,222.000000,19.000000,0.000000,1.410030,126.000000,32.000000,8936.000000
Missouri,2010,51,231.000000,21.000000,1.000000,2.342920,154.000000,32.000000,6573.000000
Missouri,2010,52,293.000000,34.000000,1.000000,2.680290,181.000000,32.000000,6753.000000
Missouri,2011,1,284.000000,25.000000,1.000000,2.126870,173.000000,31.000000,8134.000000
Missouri,2011,2,315.000000,44.000000,5.000000,2.354080,194.000000,32.000000,8241.000000
Missouri,2011,3,267.000000,33.000000,5.000000,2.255100,189.000000,31.000000,8381.000000
Missouri,2011,4,353.000000,26.000000,10.000000,3.669520,322.000000,31.000000,8775.000000
Missouri,2011,5,266.000000,28.000000,11.000000,5.058060,318.000000,31.000000,6287.000000
Missouri,2011,6,326.000000,25.000000,12.000000,4.897710,395.000000,30.000000,8065.000000
Missouri,2011,7,290.000000,15.000000,14.000000,6.106160,528.000000,29.000000,8647.000000
Missouri,2011,8,294.000000,16.000000,21.000000,5.434400,466.000000,31.000000,8575.000000
Missouri,2011,9,339.000000,14.000000,19.000000,3.897130,344.000000,31.000000,8827.000000
Missouri,2011,10,307.000000,10.000000,17.000000,4.213690,336.000000,30.000000,7974.000000
Missouri,2011,11,330.000000,8.000000,17.000000,2.540970,200.000000,30.000000,7871.000000
Missouri,2011,12,268.000000,2.000000,8.000000,2.444530,184.000000,28.000000,7527.000000
Missouri,2011,13,249.000000,1.000000,5.000000,1.996340,131.000000,27.000000,6562.000000
Missouri,2011,14,263.000000,6.000000,3.000000,1.611950,109.000000,26.000000,6762.000000
Missouri,2011,15,232.000000,4.000000,0.000000,1.336980,93.000000,26.000000,6956.000000
Missouri,2011,16,195.000000,0.000000,2.000000,0.993480,64.000000,24.000000,6442.000000
Missouri,2011,17,210.000000,1.000000,1.000000,0.711214,43.000000,21.000000,6046.000000
Missouri,2011,18,216.000000,1.000000,1.000000,0.603942,38.000000,23.000000,6292.000000
Missouri,2011,19,192.000000,0.000000,0.000000,0.901051,54.000000,21.000000,5993.000000
Missouri,2011,20,168.000000,0.000000,0.000000,0.717913,41.000000,24.000000,5711.000000
Missouri,2011,21,206.000000,0.000000,0.000000,0.804039,43.000000,22.000000,5348.000000
Missouri,2011,22,155.000000,0.000000,0.000000,0.080841,2.000000,22.000000,2474.000000
Missouri,2011,23,146.000000,0.000000,0.000000,0.103448,3.000000,21.000000,2900.000000
Missouri,2011,24,134.000000,1.000000,0.000000,0.038850,1.000000,20.000000,2574.000000
Missouri,2011,25,116.000000,0.000000,0.000000,0.315831,8.000000,20.000000,2533.000000
Missouri,2011,26,124.000000,0.000000,0.000000,0.109131,3.000000,20.000000,2749.000000
Missouri,2011,27,107.000000,0.000000,0.000000,0.162668,4.000000,20.000000,2459.000000
Missouri,2011,28,152.000000,0.000000,0.000000,0.109569,3.000000,20.000000,2738.000000
Missouri,2011,29,137.000000,0.000000,0.000000,0.074516,2.000000,21.000000,2684.000000
Missouri,2011,30,110.000000,0.000000,0.000000,0.038081,1.000000,20.000000,2626.000000
Missouri,2011,31,122.000000,0.000000,0.000000,0.122599,3.000000,19.000000,2447.000000
Missouri,2011,32,125.000000,0.000000,0.000000,0.038580,1.000000,20.000000,2592.000000
Missouri,2011,33,124.000000,0.000000,0.000000,0.034686,1.000000,20.000000,2883.000000
Missouri,2011,34,153.000000,0.000000,0.000000,0.031817,1.000000,19.000000,3143.000000
Missouri,2011,35,180.000000,0.000000,0.000000,0.141603,5.000000,20.000000,3531.000000
Missouri,2011,36,155.000000,0.000000,0.000000,0.247219,8.000000,20.000000,3236.000000
Missouri,2011,37,178.000000,0.000000,0.000000,0.254813,9.000000,20.000000,3532.000000
Missouri,2011,38,177.000000,0.000000,0.000000,0.270433,9.000000,19.000000,3328.000000
Missouri,2011,39,193.000000,0.000000,0.000000,0.161421,6.000000,20.000000,3717.000000
Missouri,2011,40,206.000000,0.000000,0.000000,0.900155,87.000000,31.000000,9665.000000
Missouri,2011,41,205.000000,0.000000,0.000000,0.831085,77.000000,31.000000,9265.000000
Missouri,2011,42,193.000000,0.000000,0.000000,0.718889,58.000000,30.000000,8068.000000
Missouri,2011,43,211.000000,0.000000,0.000000,0.690193,62.000000,31.000000,8983.000000
Missouri,2011,44,226.000000,0.000000,0.000000,0.944003,88.000000,31.000000,9322.000000
Missouri,2011,45,223.000000,0.000000,0.000000,0.678149,63.000000,31.000000,9290.000000
Missouri,2011,46,226.000000,0.000000,0.000000,1.084470,95.000000,31.000000,8760.000000
Missouri,2011,47,180.000000,0.000000,0.000000,1.184630,70.000000,31.000000,5909.000000
Missouri,2011,48,215.000000,0.000000,0.000000,1.026620,86.000000,30.000000,8377.000000
Missouri,2011,49,207.000000,2.000000,0.000000,0.885827,72.000000,31.000000,8128.000000
Missouri,2011,50,269.000000,1.000000,0.000000,1.336160,107.000000,30.000000,8008.000000
Missouri,2011,51,239.000000,8.000000,0.000000,1.271380,84.000000,30.000000,6607.000000
Missouri,2011,52,245.000000,4.000000,0.000000,1.947310,119.000000,31.000000,6111.000000
Missouri,2012,1,257.000000,2.000000,0.000000,1.822450,132.000000,31.000000,7243.000000
Missouri,2012,2,269.000000,7.000000,1.000000,1.744260,136.000000,31.000000,7797.000000
Missouri,2012,3,247.000000,6.000000,0.000000,1.623690,136.000000,31.000000,8376.000000
Missouri,2012,4,281.000000,15.000000,0.000000,2.247560,203.000000,31.000000,9032.000000
Missouri,2012,5,304.000000,33.000000,1.000000,3.488370,312.000000,31.000000,8944.000000
Missouri,2012,6,324.000000,38.000000,1.000000,3.797890,342.000000,30.000000,9005.000000
Missouri,2012,7,320.000000,35.000000,1.000000,4.362070,386.000000,31.000000,8849.000000
Missouri,2012,8,324.000000,46.000000,0.000000,4.116840,358.000000,30.000000,8696.000000
Missouri,2012,9,337.000000,45.000000,0.000000,4.393520,393.000000,29.000000,8945.000000
Missouri,2012,10,319.000000,47.000000,0.000000,3.978080,363.000000,28.000000,9125.000000
Missouri,2012,11,332.000000,31.000000,1.000000,3.361050,291.000000,29.000000,8658.000000
Missouri,2012,12,270.000000,11.000000,3.000000,1.977470,158.000000,28.000000,7990.000000
Missouri,2012,13,219.000000,7.000000,0.000000,1.195740,92.000000,29.000000,7694.000000
Missouri,2012,14,237.000000,1.000000,0.000000,0.798828,60.000000,26.000000,7511.000000
Missouri,2012,15,236.000000,1.000000,0.000000,0.838245,64.000000,25.000000,7635.000000
Missouri,2012,16,190.000000,1.000000,0.000000,0.650325,52.000000,25.000000,7996.000000
Missouri,2012,17,202.000000,0.000000,3.000000,0.723914,58.000000,25.000000,8012.000000
Missouri,2012,18,177.000000,0.000000,0.000000,0.682325,52.000000,25.000000,7621.000000
Missouri,2012,19,165.000000,0.000000,1.000000,0.222816,10.000000,24.000000,4488.000000
Missouri,2012,20,147.000000,0.000000,1.000000,0.184049,6.000000,21.000000,3260.000000
Missouri,2012,21,142.000000,0.000000,0.000000,0.124224,4.000000,21.000000,3220.000000
Missouri,2012,22,119.000000,0.000000,0.000000,0.258780,7.000000,21.000000,2705.000000
Missouri,2012,23,156.000000,0.000000,0.000000,0.094787,3.000000,19.000000,3165.000000
Missouri,2012,24,146.000000,0.000000,1.000000,0.000000,0.000000,20.000000,3076.000000
Missouri,2012,25,120.000000,0.000000,0.000000,0.000000,0.000000,21.000000,3042.000000
Missouri,2012,26,119.000000,0.000000,0.000000,0.061482,2.000000,21.000000,3253.000000
Missouri,2012,27,102.000000,0.000000,0.000000,0.000000,0.000000,21.000000,2523.000000
Missouri,2012,28,128.000000,0.000000,0.000000,0.234035,7.000000,19.000000,2991.000000
Missouri,2012,29,129.000000,0.000000,0.000000,0.193361,6.000000,21.000000,3103.000000
Missouri,2012,30,92.000000,0.000000,0.000000,0.064454,2.000000,21.000000,3103.000000
Missouri,2012,31,98.000000,0.000000,0.000000,0.032552,1.000000,21.000000,3072.000000
Missouri,2012,32,111.000000,0.000000,1.000000,0.062952,2.000000,20.000000,3177.000000
Missouri,2012,33,111.000000,1.000000,1.000000,0.146628,5.000000,21.000000,3410.000000
Missouri,2012,34,142.000000,1.000000,0.000000,0.121007,5.000000,21.000000,4132.000000
Missouri,2012,35,175.000000,0.000000,0.000000,0.046339,2.000000,22.000000,4316.000000
Missouri,2012,36,175.000000,0.000000,0.000000,0.224909,8.000000,20.000000,3557.000000
Missouri,2012,37,184.000000,0.000000,0.000000,0.406688,18.000000,21.000000,4426.000000
Missouri,2012,38,188.000000,0.000000,2.000000,0.133958,6.000000,22.000000,4479.000000
Missouri,2012,39,200.000000,0.000000,3.000000,0.639269,28.000000,21.000000,4380.000000
Missouri,2012,40,205.000000,0.000000,3.000000,1.093430,101.000000,26.000000,9237.000000
Missouri,2012,41,263.000000,0.000000,9.000000,1.153930,103.000000,27.000000,8926.000000
Missouri,2012,42,300.000000,0.000000,16.000000,1.596350,140.000000,28.000000,8770.000000
Missouri,2012,43,248.000000,0.000000,15.000000,1.382990,114.000000,28.000000,8243.000000
Missouri,2012,44,257.000000,0.000000,4.000000,1.386990,132.000000,26.000000,9517.000000
Missouri,2012,45,302.000000,1.000000,18.000000,2.016080,168.000000,28.000000,8333.000000
Missouri,2012,46,283.000000,1.000000,19.000000,2.457920,203.000000,27.000000,8259.000000
Missouri,2012,47,277.000000,1.000000,25.000000,3.533570,210.000000,28.000000,5943.000000
Missouri,2012,48,329.000000,2.000000,33.000000,3.076730,251.000000,28.000000,8158.000000
Missouri,2012,49,338.000000,4.000000,24.000000,2.973510,238.000000,28.000000,8004.000000
Missouri,2012,50,300.000000,3.000000,20.000000,3.494860,282.000000,28.000000,8069.000000
Missouri,2012,51,310.000000,4.000000,24.000000,4.761900,309.000000,24.000000,6489.000000
Missouri,2012,52,277.000000,6.000000,14.000000,6.977150,397.000000,27.000000,5690.000000
Missouri,2013,1,335.000000,11.000000,20.000000,5.271700,325.000000,27.000000,6165.000000
Missouri,2013,2,357.000000,19.000000,17.000000,4.598260,380.000000,27.000000,8264.000000
Missouri,2013,3,374.000000,23.000000,15.000000,4.429540,403.000000,28.000000,9098.000000
Missouri,2013,4,318.000000,10.000000,14.000000,4.891240,407.000000,28.000000,8321.000000
Missouri,2013,5,184.000000,19.000000,11.000000,4.957060,381.000000,27.000000,7686.000000
Missouri,2013,6,359.000000,11.000000,7.000000,4.443900,360.000000,27.000000,8101.000000
Missouri,2013,7,341.000000,12.000000,13.000000,3.337730,253.000000,27.000000,7580.000000
Missouri,2013,8,360.000000,10.000000,7.000000,3.152170,203.000000,27.000000,6440.000000
Missouri,2013,9,326.000000,10.000000,4.000000,2.369150,153.000000,24.000000,6458.000000
Missouri,2013,10,314.000000,7.000000,2.000000,2.592590,182.000000,24.000000,7020.000000
Missouri,2013,11,282.000000,18.000000,5.000000,2.108080,142.000000,24.000000,6736.000000
Missouri,2013,12,251.000000,14.000000,6.000000,1.812560,123.000000,25.000000,6786.000000
Missouri,2013,13,260.000000,11.000000,6.000000,1.869990,105.000000,23.000000,5615.000000
Missouri,2013,14,264.000000,8.000000,4.000000,1.298500,83.000000,21.000000,6392.000000
Missouri,2013,15,270.000000,7.000000,3.000000,1.255480,83.000000,21.000000,6611.000000
Missouri,2013,16,258.000000,7.000000,5.000000,0.901675,63.000000,23.000000,6987.000000
Missouri,2013,17,277.000000,4.000000,0.000000,1.244870,85.000000,22.000000,6828.000000
Missouri,2013,18,309.000000,3.000000,0.000000,0.918209,65.000000,23.000000,7079.000000
Missouri,2013,19,293.000000,1.000000,0.000000,0.839965,57.000000,22.000000,6786.000000
Missouri,2013,20,255.000000,0.000000,3.000000,0.527050,34.000000,22.000000,6451.000000
Missouri,2013,21,254.000000,0.000000,0.000000,0.816168,42.000000,21.000000,5146.000000
Missouri,2013,22,198.000000,1.000000,0.000000,0.743633,40.000000,21.000000,5379.000000
Missouri,2013,23,232.000000,0.000000,0.000000,0.209351,6.000000,20.000000,2866.000000
Missouri,2013,24,214.000000,0.000000,0.000000,0.211045,6.000000,19.000000,2843.000000
Missouri,2013,25,209.000000,0.000000,0.000000,0.236327,7.000000,19.000000,2962.000000
Missouri,2013,26,171.000000,0.000000,0.000000,0.074184,2.000000,19.000000,2696.000000
Missouri,2013,27,153.000000,0.000000,0.000000,0.040783,1.000000,19.000000,2452.000000
Missouri,2013,28,174.000000,1.000000,0.000000,0.035211,1.000000,19.000000,2840.000000
Missouri,2013,29,175.000000,0.000000,0.000000,0.075901,2.000000,18.000000,2635.000000
Missouri,2013,30,161.000000,0.000000,0.000000,0.000000,0.000000,18.000000,2684.000000
Missouri,2013,31,182.000000,0.000000,0.000000,0.077399,2.000000,19.000000,2584.000000
Missouri,2013,32,178.000000,0.000000,0.000000,0.068050,2.000000,19.000000,2939.000000
Missouri,2013,33,173.000000,1.000000,0.000000,0.095057,3.000000,19.000000,3156.000000
Missouri,2013,34,179.000000,1.000000,0.000000,0.105263,4.000000,19.000000,3800.000000
Missouri,2013,35,248.000000,0.000000,2.000000,0.081389,3.000000,18.000000,3686.000000
Missouri,2013,36,213.000000,0.000000,0.000000,0.306279,10.000000,18.000000,3265.000000
Missouri,2013,37,236.000000,0.000000,0.000000,0.337838,13.000000,18.000000,3848.000000
Missouri,2013,38,218.000000,0.000000,0.000000,0.431566,14.000000,17.000000,3244.000000
Missouri,2013,39,254.000000,1.000000,0.000000,0.354724,11.000000,15.000000,3101.000000
Missouri,2013,40,287.000000,0.000000,0.000000,1.101750,85.000000,22.000000,7715.000000
Missouri,2013,41,342.000000,0.000000,1.000000,1.326190,104.000000,23.000000,7842.000000
Missouri,2013,42,312.000000,0.000000,1.000000,1.000760,79.000000,23.000000,7894.000000
Missouri,2013,43,296.000000,1.000000,0.000000,1.248730,98.000000,23.000000,7848.000000
Missouri,2013,44,342.000000,0.000000,1.000000,1.062130,80.000000,21.000000,7532.000000
Missouri,2013,45,327.000000,0.000000,0.000000,1.168950,86.000000,20.000000,7357.000000
Missouri,2013,46,323.000000,1.000000,0.000000,1.237950,95.000000,22.000000,7674.000000
Missouri,2013,47,364.000000,7.000000,0.000000,1.444800,103.000000,20.000000,7129.000000
Missouri,2013,48,286.000000,8.000000,1.000000,1.626600,90.000000,21.000000,5533.000000
Missouri,2013,49,365.000000,13.000000,0.000000,1.905970,150.000000,24.000000,7870.000000
Missouri,2013,50,337.000000,37.000000,0.000000,2.277210,173.000000,25.000000,7597.000000
Missouri,2013,51,350.000000,38.000000,0.000000,4.550160,308.000000,25.000000,6769.000000
Missouri,2013,52,339.000000,53.000000,0.000000,6.699310,342.000000,23.000000,5105.000000
Missouri,2014,1,430.000000,63.000000,0.000000,5.926050,351.000000,25.000000,5923.000000
Missouri,2014,2,388.000000,50.000000,0.000000,3.974930,260.000000,24.000000,6541.000000
Missouri,2014,3,400.000000,35.000000,0.000000,3.362200,264.000000,25.000000,7852.000000
Missouri,2014,4,368.000000,23.000000,0.000000,3.194970,244.000000,25.000000,7637.000000
Missouri,2014,5,372.000000,25.000000,0.000000,3.179510,257.000000,26.000000,8083.000000
Missouri,2014,6,394.000000,23.000000,0.000000,2.437920,162.000000,24.000000,6645.000000
Missouri,2014,7,348.000000,18.000000,0.000000,2.000810,148.000000,23.000000,7397.000000
Missouri,2014,8,359.000000,9.000000,0.000000,1.683010,127.000000,23.000000,7546.000000
Missouri,2014,9,395.000000,9.000000,0.000000,1.636790,126.000000,23.000000,7698.000000
Missouri,2014,10,335.000000,7.000000,1.000000,1.401740,100.000000,22.000000,7134.000000
Missouri,2014,11,383.000000,5.000000,0.000000,1.788720,117.000000,20.000000,6541.000000
Missouri,2014,12,294.000000,4.000000,0.000000,1.323470,93.000000,21.000000,7027.000000
Missouri,2014,13,322.000000,3.000000,1.000000,1.377790,81.000000,21.000000,5879.000000
Missouri,2014,14,322.000000,2.000000,1.000000,1.567260,103.000000,20.000000,6572.000000
Missouri,2014,15,301.000000,9.000000,2.000000,0.902869,62.000000,20.000000,6867.000000
Missouri,2014,16,307.000000,5.000000,3.000000,0.890700,59.000000,20.000000,6624.000000
Missouri,2014,17,312.000000,6.000000,7.000000,0.990099,62.000000,20.000000,6262.000000
Missouri,2014,18,315.000000,6.000000,7.000000,0.779697,51.000000,19.000000,6541.000000
Missouri,2014,19,339.000000,4.000000,4.000000,0.963817,61.000000,18.000000,6329.000000
Missouri,2014,20,315.000000,3.000000,3.000000,0.616698,39.000000,19.000000,6324.000000
Missouri,2014,21,314.000000,2.000000,3.000000,0.785388,43.000000,19.000000,5475.000000
Missouri,2014,22,282.000000,3.000000,2.000000,0.723487,41.000000,19.000000,5667.000000
Missouri,2014,23,285.000000,0.000000,0.000000,0.035958,1.000000,18.000000,2781.000000
Missouri,2014,24,267.000000,1.000000,0.000000,0.108421,3.000000,18.000000,2767.000000
Missouri,2014,25,231.000000,0.000000,0.000000,0.039604,1.000000,16.000000,2525.000000
Missouri,2014,26,235.000000,0.000000,0.000000,0.036523,1.000000,17.000000,2738.000000
Missouri,2014,27,193.000000,0.000000,0.000000,0.039479,1.000000,17.000000,2533.000000
Missouri,2014,28,233.000000,2.000000,0.000000,0.035524,1.000000,17.000000,2815.000000
Missouri,2014,29,213.000000,0.000000,1.000000,0.073073,2.000000,18.000000,2737.000000
Missouri,2014,30,236.000000,0.000000,1.000000,0.104420,3.000000,18.000000,2873.000000
Missouri,2014,31,243.000000,0.000000,0.000000,0.218898,6.000000,18.000000,2741.000000
Missouri,2014,32,263.000000,0.000000,0.000000,0.178253,5.000000,18.000000,2805.000000
Missouri,2014,33,303.000000,0.000000,0.000000,0.180245,5.000000,16.000000,2774.000000
Missouri,2014,34,421.000000,0.000000,0.000000,0.054333,2.000000,18.000000,3681.000000
Missouri,2014,35,659.000000,0.000000,0.000000,0.026261,1.000000,17.000000,3808.000000
Missouri,2014,36,501.000000,3.000000,0.000000,0.068213,2.000000,16.000000,2932.000000
Missouri,2014,37,491.000000,1.000000,0.000000,0.330368,13.000000,17.000000,3935.000000
Missouri,2014,38,449.000000,2.000000,0.000000,0.284164,11.000000,17.000000,3871.000000
Missouri,2014,39,423.000000,0.000000,1.000000,0.276451,11.000000,17.000000,3979.000000
Missouri,2014,40,474.000000,0.000000,0.000000,1.039150,86.000000,23.000000,8276.000000
Missouri,2014,41,468.000000,2.000000,0.000000,1.288820,105.000000,23.000000,8147.000000
Missouri,2014,42,448.000000,3.000000,0.000000,1.404530,116.000000,23.000000,8259.000000
Missouri,2014,43,451.000000,1.000000,2.000000,1.326540,112.000000,22.000000,8443.000000
Missouri,2014,44,429.000000,4.000000,0.000000,0.948386,52.000000,22.000000,5483.000000
Missouri,2014,45,486.000000,24.000000,0.000000,1.047670,80.000000,21.000000,7636.000000
Missouri,2014,46,489.000000,32.000000,0.000000,1.616000,118.000000,23.000000,7302.000000
Missouri,2014,47,710.000000,79.000000,2.000000,1.097150,55.000000,20.000000,5013.000000
Missouri,2014,48,768.000000,125.000000,2.000000,2.701740,152.000000,23.000000,5626.000000
Missouri,2014,49,921.000000,124.000000,3.000000,2.509490,205.000000,22.000000,8169.000000
Missouri,2014,50,1027.000000,208.000000,2.000000,5.398040,436.000000,21.000000,8077.000000
Missouri,2014,51,1144.000000,195.000000,2.000000,6.147490,461.000000,22.000000,7499.000000
Missouri,2014,52,1089.000000,154.000000,3.000000,8.540340,471.000000,22.000000,5515.000000
Missouri,2014,53,1030.000000,116.000000,3.000000,7.632450,461.000000,23.000000,6040.000000
Missouri,2015,1,919.000000,70.000000,2.000000,4.370080,333.000000,23.000000,7620.000000
Missouri,2015,2,809.000000,58.000000,1.000000,3.366800,285.000000,23.000000,8465.000000
Missouri,2015,3,763.000000,28.000000,2.000000,3.288100,189.000000,22.000000,5748.000000
Missouri,2015,4,644.000000,29.000000,9.000000,3.712050,247.000000,22.000000,6654.000000
Missouri,2015,5,690.000000,13.000000,1.000000,2.882190,240.000000,23.000000,8327.000000
Missouri,2015,6,609.000000,20.000000,5.000000,2.460640,211.000000,21.000000,8575.000000
Missouri,2015,7,557.000000,6.000000,16.000000,2.335570,174.000000,22.000000,7450.000000
Missouri,2015,8,558.000000,9.000000,10.000000,2.408670,209.000000,23.000000,8677.000000
Missouri,2015,9,551.000000,7.000000,20.000000,2.200760,196.000000,22.000000,8906.000000
Missouri,2015,10,553.000000,6.000000,33.000000,2.441230,108.000000,21.000000,4424.000000
Missouri,2015,11,504.000000,6.000000,42.000000,2.015860,89.000000,19.000000,4415.000000
Missouri,2015,12,511.000000,7.000000,37.000000,2.066000,72.000000,21.000000,3485.000000
Missouri,2015,13,465.000000,3.000000,25.000000,1.931180,142.000000,21.000000,7353.000000
Missouri,2015,14,458.000000,1.000000,30.000000,1.834480,131.000000,20.000000,7141.000000
Missouri,2015,15,454.000000,1.000000,22.000000,1.464090,106.000000,19.000000,7240.000000
Missouri,2015,16,492.000000,0.000000,14.000000,1.310240,87.000000,20.000000,6640.000000
Missouri,2015,17,440.000000,0.000000,12.000000,1.418240,102.000000,19.000000,7192.000000
Missouri,2015,18,450.000000,0.000000,11.000000,1.041670,71.000000,19.000000,6816.000000
Missouri,2015,19,448.000000,0.000000,5.000000,1.099260,68.000000,19.000000,6186.000000
Missouri,2015,20,369.000000,0.000000,3.000000,0.958637,54.000000,18.000000,5633.000000
Missouri,2015,21,341.000000,0.000000,3.000000,0.129758,3.000000,16.000000,2312.000000
Missouri,2015,22,334.000000,0.000000,0.000000,0.195389,5.000000,17.000000,2559.000000
Missouri,2015,23,312.000000,0.000000,0.000000,0.075557,2.000000,16.000000,2647.000000
Missouri,2015,24,286.000000,0.000000,0.000000,0.190404,5.000000,16.000000,2626.000000
Missouri,2015,25,281.000000,1.000000,0.000000,0.406054,11.000000,16.000000,2709.000000
Missouri,2015,26,303.000000,0.000000,0.000000,0.442478,10.000000,16.000000,2260.000000
Missouri,2015,27,269.000000,1.000000,0.000000,0.037161,1.000000,17.000000,2691.000000
Missouri,2015,28,299.000000,0.000000,0.000000,0.260805,7.000000,17.000000,2684.000000
Missouri,2015,29,279.000000,1.000000,0.000000,0.196309,5.000000,16.000000,2547.000000
Missouri,2015,30,300.000000,0.000000,0.000000,0.080678,2.000000,17.000000,2479.000000
Missouri,2015,31,274.000000,0.000000,1.000000,0.249584,6.000000,17.000000,2404.000000
Missouri,2015,32,302.000000,0.000000,0.000000,0.078431,2.000000,16.000000,2550.000000
Missouri,2015,33,275.000000,0.000000,0.000000,0.260501,8.000000,16.000000,3071.000000
Missouri,2015,34,330.000000,2.000000,0.000000,0.148846,6.000000,17.000000,4031.000000
Missouri,2015,35,389.000000,0.000000,0.000000,0.047483,2.000000,17.000000,4212.000000
Missouri,2015,36,347.000000,2.000000,0.000000,0.244126,8.000000,14.000000,3277.000000
Missouri,2015,37,336.000000,1.000000,0.000000,0.735294,24.000000,16.000000,3264.000000
Missouri,2015,38,421.000000,0.000000,0.000000,0.819921,27.000000,16.000000,3293.000000
Missouri,2015,39,412.000000,0.000000,0.000000,0.908785,27.000000,16.000000,2971.000000
Missouri,2015,40,432.000000,0.000000,0.000000,1.118970,87.000000,17.000000,7775.000000
Missouri,2015,41,487.000000,2.000000,2.000000,1.263630,102.000000,16.000000,8072.000000
Missouri,2015,42,502.000000,1.000000,0.000000,1.603110,132.000000,18.000000,8234.000000
Missouri,2015,43,486.000000,0.000000,2.000000,1.139270,98.000000,20.000000,8602.000000
Missouri,2015,44,498.000000,0.000000,0.000000,1.448760,122.000000,19.000000,8421.000000
Missouri,2015,45,482.000000,0.000000,0.000000,1.660300,139.000000,20.000000,8372.000000
Missouri,2015,46,480.000000,0.000000,1.000000,1.187760,99.000000,20.000000,8335.000000
Missouri,2015,47,411.000000,0.000000,0.000000,1.866820,97.000000,18.000000,5196.000000
Missouri,2015,48,491.000000,1.000000,0.000000,1.206170,97.000000,20.000000,8042.000000
Missouri,2015,49,456.000000,2.000000,1.000000,1.169590,90.000000,19.000000,7695.000000
Missouri,2015,50,489.000000,4.000000,1.000000,1.753890,125.000000,20.000000,7127.000000
Missouri,2015,51,440.000000,0.000000,1.000000,2.037420,98.000000,19.000000,4810.000000
Missouri,2015,52,481.000000,2.000000,0.000000,2.020990,104.000000,20.000000,5146.000000
Missouri,2016,1,507.000000,3.000000,0.000000,1.916730,122.000000,20.000000,6365.000000
Missouri,2016,2,490.000000,12.000000,0.000000,1.596070,104.000000,20.000000,6516.000000
Missouri,2016,3,489.000000,11.000000,0.000000,1.828390,127.000000,21.000000,6946.000000
Missouri,2016,4,452.000000,8.000000,2.000000,1.601510,136.000000,22.000000,8492.000000
Missouri,2016,5,561.000000,14.000000,3.000000,1.379480,110.000000,19.000000,7974.000000
Missouri,2016,6,613.000000,14.000000,2.000000,2.176400,171.000000,21.000000,7857.000000
Missouri,2016,7,656.000000,34.000000,4.000000,2.229300,182.000000,20.000000,8164.000000
Missouri,2016,8,718.000000,36.000000,1.000000,2.090900,190.000000,21.000000,9087.000000
Missouri,2016,9,637.000000,39.000000,9.000000,2.836470,247.000000,21.000000,8708.000000
Missouri,2016,10,728.000000,53.000000,7.000000,3.067480,260.000000,21.000000,8476.000000
Missouri,2016,11,652.000000,33.000000,8.000000,2.646100,211.000000,19.000000,7974.000000
Missouri,2016,12,624.000000,20.000000,8.000000,2.860050,225.000000,19.000000,7867.000000
Missouri,2016,13,619.000000,17.000000,14.000000,2.946440,214.000000,19.000000,7263.000000
Missouri,2016,14,521.000000,17.000000,13.000000,1.916420,155.000000,19.000000,8088.000000
Missouri,2016,15,510.000000,16.000000,12.000000,1.771300,147.000000,20.000000,8299.000000
Missouri,2016,16,530.000000,12.000000,15.000000,1.713160,148.000000,20.000000,8639.000000
Missouri,2016,17,424.000000,5.000000,15.000000,1.486660,117.000000,21.000000,7870.000000
Missouri,2016,18,409.000000,4.000000,4.000000,1.309810,98.000000,20.000000,7482.000000
Missouri,2016,19,415.000000,4.000000,11.000000,1.152170,82.000000,18.000000,7117.000000
Missouri,2016,20,377.000000,0.000000,3.000000,0.886672,32.000000,19.000000,3609.000000
Missouri,2016,21,392.000000,0.000000,2.000000,0.313199,7.000000,13.000000,2235.000000
Missouri,2016,22,380.000000,1.000000,4.000000,0.533570,12.000000,16.000000,2249.000000
Missouri,2016,23,329.000000,1.000000,2.000000,0.918964,22.000000,16.000000,2394.000000
Missouri,2016,24,334.000000,0.000000,0.000000,0.486224,12.000000,16.000000,2468.000000
Missouri,2016,25,226.000000,0.000000,0.000000,0.416493,10.000000,16.000000,2401.000000
Missouri,2016,26,251.000000,0.000000,0.000000,0.388098,9.000000,16.000000,2319.000000
Missouri,2016,27,288.000000,0.000000,1.000000,0.631769,14.000000,16.000000,2216.000000
Missouri,2016,28,269.000000,1.000000,0.000000,0.443459,10.000000,16.000000,2255.000000
Missouri,2016,29,241.000000,0.000000,0.000000,0.285714,7.000000,16.000000,2450.000000
Missouri,2016,30,269.000000,0.000000,0.000000,0.519031,12.000000,16.000000,2312.000000
Missouri,2016,31,269.000000,0.000000,0.000000,0.271739,6.000000,15.000000,2208.000000
Missouri,2016,32,249.000000,0.000000,0.000000,0.483481,12.000000,16.000000,2482.000000
Missouri,2016,33,308.000000,0.000000,0.000000,0.170648,5.000000,16.000000,2930.000000
Missouri,2016,34,319.000000,0.000000,0.000000,0.299320,11.000000,17.000000,3675.000000
Missouri,2016,35,330.000000,0.000000,0.000000,0.425773,15.000000,17.000000,3523.000000
Missouri,2016,36,379.000000,1.000000,0.000000,0.739056,26.000000,17.000000,3518.000000
Missouri,2016,37,344.000000,0.000000,0.000000,0.405268,16.000000,17.000000,3948.000000
Missouri,2016,38,381.000000,0.000000,0.000000,0.551615,21.000000,16.000000,3807.000000
Missouri,2016,39,545.000000,0.000000,0.000000,0.305499,12.000000,17.000000,3928.000000
Missouri,2016,40,536.000000,0.000000,0.000000,0.809969,65.000000,19.000000,8025.000000
Missouri,2016,41,572.000000,1.000000,0.000000,1.057370,87.000000,20.000000,8228.000000
Missouri,2016,42,577.000000,0.000000,1.000000,1.038190,84.000000,19.000000,8091.000000
Missouri,2016,43,616.000000,0.000000,0.000000,1.110330,95.000000,20.000000,8556.000000
Missouri,2016,44,609.000000,0.000000,0.000000,1.389210,120.000000,20.000000,8638.000000
Missouri,2016,45,601.000000,0.000000,0.000000,1.250320,99.000000,20.000000,7918.000000
Missouri,2016,46,701.000000,5.000000,1.000000,1.405480,120.000000,21.000000,8538.000000
Missouri,2016,47,584.000000,11.000000,1.000000,1.843580,99.000000,20.000000,5370.000000
Missouri,2016,48,715.000000,16.000000,2.000000,1.870030,141.000000,20.000000,7540.000000
Missouri,2016,49,762.000000,11.000000,1.000000,1.668390,113.000000,19.000000,6773.000000
Missouri,2016,50,755.000000,24.000000,1.000000,1.850090,136.000000,20.000000,7351.000000
Missouri,2016,51,757.000000,37.000000,1.000000,2.289940,127.000000,19.000000,5546.000000
Missouri,2016,52,928.000000,70.000000,5.000000,4.067550,224.000000,20.000000,5507.000000
Missouri,2017,1,972.000000,85.000000,6.000000,4.434280,252.000000,20.000000,5683.000000
Missouri,2017,2,1032.000000,115.000000,11.000000,3.609140,229.000000,20.000000,6345.000000
Missouri,2017,3,1028.000000,120.000000,16.000000,3.743880,283.000000,19.000000,7559.000000
Missouri,2017,4,1123.000000,126.000000,17.000000,5.674740,410.000000,18.000000,7225.000000
Missouri,2017,5,1141.000000,149.000000,28.000000,6.498290,476.000000,18.000000,7325.000000
Missouri,2017,6,1439.000000,210.000000,62.000000,6.745940,556.000000,18.000000,8242.000000
Missouri,2017,7,1456.000000,223.000000,88.000000,5.014640,411.000000,18.000000,8196.000000
Missouri,2017,8,1305.000000,157.000000,81.000000,4.408470,354.000000,19.000000,8030.000000
Missouri,2017,9,1056.000000,69.000000,64.000000,3.088460,243.000000,19.000000,7868.000000
Missouri,2017,10,962.000000,50.000000,72.000000,3.135600,231.000000,16.000000,7367.000000
Missouri,2017,11,1014.000000,49.000000,81.000000,2.526910,169.000000,18.000000,6688.000000
Missouri,2017,12,945.000000,37.000000,92.000000,2.018270,137.000000,16.000000,6788.000000
Missouri,2017,13,865.000000,22.000000,89.000000,1.754390,107.000000,15.000000,6099.000000
Missouri,2017,14,805.000000,6.000000,49.000000,1.606210,120.000000,17.000000,7471.000000
Missouri,2017,15,687.000000,5.000000,30.000000,1.286130,93.000000,16.000000,7231.000000
Missouri,2017,16,636.000000,2.000000,26.000000,1.154150,87.000000,17.000000,7538.000000
Missouri,2017,17,568.000000,2.000000,9.000000,1.034350,78.000000,17.000000,7541.000000
Missouri,2017,18,528.000000,1.000000,11.000000,1.077710,76.000000,18.000000,7052.000000
Missouri,2017,19,509.000000,3.000000,3.000000,0.407643,16.000000,16.000000,3925.000000
Missouri,2017,20,491.000000,1.000000,4.000000,0.345261,11.000000,15.000000,3186.000000
Missouri,2017,21,386.000000,4.000000,2.000000,0.187970,5.000000,14.000000,2660.000000
Missouri,2017,22,363.000000,0.000000,0.000000,0.085106,2.000000,15.000000,2350.000000
Missouri,2017,23,350.000000,1.000000,1.000000,0.194250,5.000000,15.000000,2574.000000
Missouri,2017,24,367.000000,0.000000,0.000000,0.167785,4.000000,13.000000,2384.000000
Missouri,2017,25,304.000000,0.000000,1.000000,0.041823,1.000000,14.000000,2391.000000
Missouri,2017,26,267.000000,0.000000,0.000000,0.155340,4.000000,15.000000,2575.000000
Missouri,2017,27,295.000000,0.000000,0.000000,0.095557,2.000000,15.000000,2093.000000
Missouri,2017,28,304.000000,0.000000,0.000000,0.038183,1.000000,14.000000,2619.000000
Missouri,2017,29,285.000000,0.000000,0.000000,0.041667,1.000000,15.000000,2400.000000
Missouri,2017,30,292.000000,0.000000,0.000000,0.100050,2.000000,15.000000,1999.000000
Missouri,2017,31,288.000000,1.000000,0.000000,0.050761,1.000000,16.000000,1970.000000
Missouri,2017,32,297.000000,0.000000,0.000000,0.000000,0.000000,14.000000,2249.000000
Missouri,2017,33,284.000000,0.000000,0.000000,0.085070,2.000000,15.000000,2351.000000
Missouri,2017,34,303.000000,0.000000,0.000000,0.095117,3.000000,16.000000,3154.000000
Missouri,2017,35,386.000000,3.000000,0.000000,0.092851,3.000000,16.000000,3231.000000
Missouri,2017,36,359.000000,0.000000,0.000000,0.387597,12.000000,16.000000,3096.000000
Missouri,2017,37,416.000000,3.000000,1.000000,0.494777,18.000000,16.000000,3638.000000
Missouri,2017,38,388.000000,1.000000,0.000000,0.614182,22.000000,16.000000,3582.000000
Missouri,2017,39,435.000000,1.000000,0.000000,0.769003,26.000000,15.000000,3381.000000
Missouri,2017,40,476.000000,1.000000,0.000000,0.445236,20.000000,18.000000,4492.000000
Missouri,2017,41,501.000000,0.000000,0.000000,0.523918,23.000000,20.000000,4390.000000
Missouri,2017,42,568.000000,2.000000,0.000000,0.779459,34.000000,19.000000,4362.000000
Missouri,2017,43,512.000000,1.000000,0.000000,0.877785,39.000000,18.000000,4443.000000
Missouri,2017,44,592.000000,33.000000,3.000000,1.168400,92.000000,21.000000,7874.000000
Missouri,2017,45,608.000000,8.000000,7.000000,0.995660,78.000000,21.000000,7834.000000
Missouri,2017,46,697.000000,6.000000,18.000000,1.265020,100.000000,21.000000,7905.000000
Missouri,2017,47,602.000000,19.000000,8.000000,1.396950,77.000000,21.000000,5512.000000
Missouri,2017,48,717.000000,22.000000,8.000000,1.424610,72.000000,19.000000,5054.000000
Missouri,2017,49,731.000000,49.000000,32.000000,2.273930,172.000000,21.000000,7564.000000
Missouri,2017,50,866.000000,68.000000,9.000000,2.788460,203.000000,20.000000,7280.000000
Missouri,2017,51,1103.000000,214.000000,29.000000,4.906460,278.000000,18.000000,5666.000000
Missouri,2017,52,1258.000000,237.000000,36.000000,9.332020,190.000000,19.000000,2036.000000
Missouri,2018,1,1442.000000,287.000000,78.000000,10.747300,256.000000,17.000000,2382.000000
Missouri,2018,2,1560.000000,330.000000,94.000000,8.801560,271.000000,17.000000,3079.000000
Missouri,2018,3,1257.000000,188.000000,72.000000,11.222400,448.000000,18.000000,3992.000000
Missouri,2018,4,1401.000000,183.000000,76.000000,11.294800,485.000000,16.000000,4294.000000
Missouri,2018,5,1888.000000,208.000000,163.000000,10.857500,842.000000,17.000000,7755.000000
Missouri,2018,6,1578.000000,176.000000,158.000000,10.032700,645.000000,17.000000,6429.000000
Missouri,2018,7,1759.000000,166.000000,179.000000,8.785630,675.000000,18.000000,7683.000000
Missouri,2018,8,1607.000000,109.000000,162.000000,5.424880,369.000000,17.000000,6802.000000
Missouri,2018,9,1155.000000,55.000000,92.000000,3.599940,239.000000,16.000000,6639.000000
Missouri,2018,10,1058.000000,45.000000,73.000000,3.077700,122.000000,16.000000,3964.000000
Missouri,2018,11,942.000000,35.000000,59.000000,1.532880,38.000000,16.000000,2479.000000
Missouri,2018,12,806.000000,20.000000,37.000000,2.998410,94.000000,14.000000,3135.000000
Missouri,2018,13,727.000000,14.000000,29.000000,1.581510,39.000000,15.000000,2466.000000
Missouri,2018,14,667.000000,9.000000,24.000000,1.472030,45.000000,14.000000,3057.000000
Missouri,2018,15,650.000000,5.000000,19.000000,1.196640,37.000000,15.000000,3092.000000
Missouri,2018,16,615.000000,7.000000,14.000000,0.640593,19.000000,15.000000,2966.000000
Missouri,2018,17,510.000000,4.000000,10.000000,0.786627,24.000000,15.000000,3051.000000
Missouri,2018,18,464.000000,6.000000,12.000000,0.168634,4.000000,14.000000,2372.000000
Missouri,2018,19,497.000000,2.000000,2.000000,0.329429,9.000000,15.000000,2732.000000
Missouri,2018,20,411.000000,2.000000,1.000000,0.323176,7.000000,14.000000,2166.000000
Missouri,2018,21,384.000000,1.000000,4.000000,0.214707,4.000000,14.000000,1863.000000
Missouri,2018,22,393.000000,0.000000,0.000000,0.279174,5.000000,14.000000,1791.000000
Missouri,2018,23,357.000000,0.000000,0.000000,0.092208,2.000000,15.000000,2169.000000
Missouri,2018,24,305.000000,0.000000,0.000000,0.093589,2.000000,16.000000,2137.000000
Missouri,2018,25,300.000000,0.000000,0.000000,0.231589,5.000000,16.000000,2159.000000
Missouri,2018,26,404.000000,0.000000,1.000000,0.285987,6.000000,16.000000,2098.000000
Missouri,2018,27,186.000000,0.000000,1.000000,0.000000,0.000000,16.000000,1891.000000
Missouri,2018,28,325.000000,0.000000,0.000000,0.000000,0.000000,15.000000,2079.000000
Missouri,2018,29,277.000000,0.000000,0.000000,0.103146,2.000000,14.000000,1939.000000
Missouri,2018,30,258.000000,1.000000,0.000000,0.049140,1.000000,15.000000,2035.000000
Missouri,2018,31,240.000000,0.000000,1.000000,0.100959,2.000000,15.000000,1981.000000
Missouri,2018,32,308.000000,1.000000,1.000000,0.149328,3.000000,15.000000,2009.000000
Missouri,2018,33,350.000000,0.000000,0.000000,0.125209,3.000000,14.000000,2396.000000
Missouri,2018,34,374.000000,0.000000,0.000000,0.032373,1.000000,15.000000,3089.000000
Missouri,2018,35,416.000000,0.000000,0.000000,0.299133,10.000000,15.000000,3343.000000
Missouri,2018,36,449.000000,0.000000,0.000000,0.690789,21.000000,16.000000,3040.000000
Missouri,2018,37,558.000000,2.000000,0.000000,0.431034,14.000000,15.000000,3248.000000
Missouri,2018,38,562.000000,6.000000,1.000000,0.554529,18.000000,15.000000,3246.000000
Missouri,2018,39,615.000000,2.000000,0.000000,0.350877,11.000000,15.000000,3135.000000
Missouri,2018,40,617.000000,3.000000,0.000000,0.581937,25.000000,17.000000,4296.000000
Missouri,2018,41,658.000000,0.000000,0.000000,0.564279,23.000000,17.000000,4076.000000
Missouri,2018,42,736.000000,3.000000,0.000000,0.794989,33.000000,17.000000,4151.000000
Missouri,2018,43,748.000000,2.000000,0.000000,0.969123,43.000000,16.000000,4437.000000
Missouri,2018,44,761.000000,0.000000,0.000000,1.440780,59.000000,17.000000,4095.000000
Missouri,2018,45,883.000000,4.000000,0.000000,1.336570,55.000000,17.000000,4115.000000
Missouri,2018,46,997.000000,21.000000,0.000000,0.522496,18.000000,16.000000,3445.000000
Missouri,2018,47,918.000000,32.000000,0.000000,1.188020,23.000000,17.000000,1936.000000
Missouri,2018,48,1131.000000,28.000000,0.000000,1.327760,54.000000,17.000000,4067.000000
Missouri,2018,49,1235.000000,42.000000,1.000000,1.631280,63.000000,17.000000,3862.000000
Missouri,2018,50,1300.000000,106.000000,0.000000,2.364670,83.000000,17.000000,3510.000000
Missouri,2018,51,1665.000000,143.000000,0.000000,2.546970,61.000000,17.000000,2395.000000
Missouri,2018,52,2199.000000,223.000000,2.000000,4.705880,72.000000,17.000000,1530.000000
Missouri,2019,1,1949.000000,179.000000,2.000000,2.906070,56.000000,17.000000,1927.000000
Missouri,2019,2,1805.000000,183.000000,1.000000,1.959310,52.000000,17.000000,2654.000000
Missouri,2019,3,1745.000000,206.000000,0.000000,2.371890,81.000000,17.000000,3415.000000
Missouri,2019,4,1869.000000,268.000000,2.000000,2.689420,93.000000,17.000000,3458.000000
Missouri,2019,5,2054.000000,416.000000,4.000000,4.408020,156.000000,15.000000,3539.000000
Missouri,2019,6,2203.000000,503.000000,6.000000,4.484780,168.000000,15.000000,3746.000000
Missouri,2019,7,2321.000000,601.000000,8.000000,4.878050,188.000000,16.000000,3854.000000
Missouri,2019,8,2367.000000,631.000000,6.000000,6.527150,262.000000,16.000000,4014.000000
Missouri,2019,9,2291.000000,714.000000,8.000000,5.768760,236.000000,16.000000,4091.000000
Missouri,2019,10,2516.000000,659.000000,5.000000,6.007240,249.000000,16.000000,4145.000000
Missouri,2019,11,2508.000000,743.000000,16.000000,7.850130,264.000000,16.000000,3363.000000
Missouri,2019,12,2212.000000,543.000000,5.000000,7.250240,299.000000,16.000000,4124.000000
Missouri,2019,13,1973.000000,361.000000,11.000000,5.526560,180.000000,16.000000,3257.000000
Missouri,2019,14,1691.000000,203.000000,5.000000,2.845530,112.000000,16.000000,3936.000000
Missouri,2019,15,1414.000000,123.000000,3.000000,2.323130,88.000000,16.000000,3788.000000
Missouri,2019,16,1077.000000,35.000000,6.000000,1.092640,23.000000,13.000000,2105.000000
Missouri,2019,17,838.000000,24.000000,3.000000,1.069720,29.000000,14.000000,2711.000000
Missouri,2019,18,383.000000,7.000000,1.000000,0.983248,27.000000,14.000000,2746.000000
Missouri,2019,19,674.000000,5.000000,1.000000,0.586756,14.000000,15.000000,2386.000000
Missouri,2019,20,568.000000,7.000000,0.000000,0.640205,15.000000,15.000000,2343.000000
Missouri,2019,21,574.000000,3.000000,0.000000,0.534474,10.000000,15.000000,1871.000000
Missouri,2019,22,530.000000,2.000000,0.000000,0.252525,4.000000,14.000000,1584.000000
Missouri,2019,23,500.000000,0.000000,9.000000,0.343249,6.000000,14.000000,1748.000000
Missouri,2019,24,468.000000,0.000000,0.000000,0.000000,0.000000,14.000000,1718.000000
Missouri,2019,25,421.000000,0.000000,1.000000,0.059666,1.000000,14.000000,1676.000000
Missouri,2019,26,145.000000,0.000000,1.000000,0.132538,2.000000,13.000000,1509.000000
Missouri,2019,27,386.000000,1.000000,1.000000,0.000000,0.000000,14.000000,1479.000000
Missouri,2019,28,388.000000,0.000000,0.000000,0.170746,3.000000,14.000000,1757.000000
Missouri,2019,29,392.000000,5.000000,0.000000,0.000000,0.000000,13.000000,1637.000000
Missouri,2019,30,347.000000,1.000000,0.000000,0.061958,1.000000,14.000000,1614.000000
Missouri,2019,31,349.000000,1.000000,0.000000,0.000000,0.000000,14.000000,1723.000000
Missouri,2019,32,371.000000,0.000000,0.000000,0.114679,2.000000,14.000000,1744.000000
Missouri,2019,33,353.000000,0.000000,0.000000,0.045290,1.000000,14.000000,2208.000000
Missouri,2019,34,402.000000,2.000000,0.000000,0.183891,5.000000,14.000000,2719.000000
Missouri,2019,35,466.000000,2.000000,0.000000,0.212615,6.000000,14.000000,2822.000000
Missouri,2019,36,491.000000,1.000000,0.000000,0.485437,12.000000,14.000000,2472.000000
Missouri,2019,37,572.000000,0.000000,0.000000,0.755744,25.000000,14.000000,3308.000000
Missouri,2019,38,603.000000,3.000000,0.000000,0.522388,14.000000,14.000000,2680.000000
Missouri,2019,39,689.000000,1.000000,0.000000,1.328640,34.000000,12.000000,2559.000000
Missouri,2019,40,722.000000,2.000000,1.000000,0.447427,16.000000,16.000000,3576.000000
Missouri,2019,41,865.000000,3.000000,0.000000,0.354820,12.000000,16.000000,3382.000000
Missouri,2019,42,929.000000,0.000000,0.000000,0.561640,20.000000,15.000000,3561.000000
Missouri,2019,43,1037.000000,2.000000,0.000000,0.718034,26.000000,15.000000,3621.000000
Missouri,2019,44,1097.000000,2.000000,2.000000,0.960096,32.000000,14.000000,3333.000000
Missouri,2019,45,616.000000,2.000000,0.000000,0.796601,30.000000,15.000000,3766.000000
Missouri,2019,46,616.000000,4.000000,8.000000,1.570080,55.000000,14.000000,3503.000000
Missouri,2019,47,1503.000000,16.000000,20.000000,1.230770,44.000000,15.000000,3575.000000
Missouri,2019,48,1542.000000,11.000000,50.000000,0.695652,8.000000,14.000000,1150.000000
Missouri,2019,49,1730.000000,29.000000,80.000000,1.105310,36.000000,14.000000,3257.000000
Missouri,2019,50,2276.000000,62.000000,265.000000,1.011240,27.000000,14.000000,2670.000000
Missouri,2019,51,2717.000000,122.000000,516.000000,1.528120,25.000000,14.000000,1636.000000
Missouri,2019,52,3271.000000,225.000000,698.000000,4.107830,32.000000,14.000000,779.000000
Missouri,2020,1,3107.000000,229.000000,476.000000,3.546910,31.000000,13.000000,874.000000
Missouri,2020,2,2758.000000,221.000000,394.000000,1.930290,36.000000,13.000000,1865.000000
Missouri,2020,3,2807.000000,228.000000,493.000000,5.894310,145.000000,13.000000,2460.000000
Missouri,2020,4,2930.000000,416.000000,527.000000,8.077360,213.000000,13.000000,2637.000000
Missouri,2020,5,3266.000000,577.000000,571.000000,9.088120,296.000000,13.000000,3257.000000
Missouri,2020,6,3585.000000,701.000000,641.000000,9.093990,268.000000,13.000000,2947.000000
Missouri,2020,7,3760.000000,838.000000,545.000000,6.714940,204.000000,13.000000,3038.000000
Missouri,2020,8,3463.000000,758.000000,436.000000,6.216310,173.000000,12.000000,2783.000000
Missouri,2020,9,3513.000000,735.000000,383.000000,8.976580,207.000000,12.000000,2306.000000
Missouri,2020,10,2058.000000,386.000000,200.000000,9.831820,228.000000,12.000000,2319.000000
Missouri,2020,11,3411.000000,442.000000,218.000000,8.392760,153.000000,12.000000,1823.000000
Missouri,2020,12,3606.000000,141.000000,82.000000,7.023140,88.000000,12.000000,1253.000000
Missouri,2020,13,868.000000,15.000000,7.000000,3.745930,23.000000,12.000000,614.000000
Missouri,2020,14,1572.000000,10.000000,3.000000,1.173020,8.000000,12.000000,682.000000
Missouri,2020,15,1041.000000,3.000000,1.000000,0.907029,4.000000,12.000000,441.000000
Missouri,2020,16,671.000000,3.000000,2.000000,0.589102,4.000000,12.000000,679.000000
Missouri,2020,17,632.000000,0.000000,0.000000,0.135685,1.000000,11.000000,737.000000
Missouri,2020,18,441.000000,2.000000,0.000000,0.857143,6.000000,12.000000,700.000000
Missouri,2020,19,411.000000,0.000000,1.000000,0.246002,2.000000,12.000000,813.000000
Missouri,2020,20,105.000000,0.000000,0.000000,0.108578,1.000000,12.000000,921.000000
Missouri,2020,21,317.000000,1.000000,1.000000,0.000000,0.000000,12.000000,872.000000
Missouri,2020,22,65.000000,0.000000,0.000000,0.148588,1.000000,11.000000,673.000000
Missouri,2020,23,311.000000,1.000000,0.000000,0.117509,1.000000,12.000000,851.000000
Missouri,2020,24,283.000000,0.000000,0.000000,0.110742,1.000000,11.000000,903.000000
Missouri,2020,25,75.000000,0.000000,0.000000,0.631299,171.000000,59.000000,27087.000000
Missouri,2020,26,294.000000,0.000000,0.000000,0.666763,185.000000,60.000000,27746.000000
Missouri,2020,27,277.000000,0.000000,0.000000,0.859484,235.000000,60.000000,27342.000000
Missouri,2020,28,111.000000,0.000000,0.000000,0.942211,270.000000,60.000000,28656.000000
Missouri,2020,29,331.000000,0.000000,2.000000,0.979337,273.000000,59.000000,27876.000000
Missouri,2020,30,359.000000,0.000000,0.000000,0.820637,230.000000,60.000000,28027.000000
Missouri,2020,31,315.000000,0.000000,0.000000,0.914566,246.000000,60.000000,26898.000000
Missouri,2020,32,403.000000,1.000000,0.000000,1.006120,276.000000,60.000000,27432.000000
Missouri,2020,33,405.000000,0.000000,0.000000,0.918179,259.000000,59.000000,28208.000000
Missouri,2020,34,442.000000,0.000000,0.000000,0.659498,184.000000,59.000000,27900.000000
Missouri,2020,35,442.000000,0.000000,0.000000,0.866858,245.000000,58.000000,28263.000000
Missouri,2020,36,488.000000,0.000000,0.000000,0.957143,268.000000,59.000000,28000.000000
Missouri,2020,37,436.000000,0.000000,0.000000,1.111110,319.000000,59.000000,28710.000000
Missouri,2020,38,486.000000,1.000000,0.000000,0.962467,269.000000,57.000000,27949.000000
Missouri,2020,39,645.000000,0.000000,0.000000,1.034420,290.000000,56.000000,28035.000000
Missouri,2020,40,708.000000,0.000000,0.000000,1.263970,302.000000,51.000000,23893.000000
Missouri,2020,41,770.000000,0.000000,0.000000,1.293550,346.000000,49.000000,26748.000000
