X1	X2	X3	X4	X5	X6	X7	X8	X9	X10	X11	X12	X13	X14	X15	X16	X17	X18	X19	X20	X21	X22	X23	X24	X25	X26	X27	X28	X29	X30	X31	X32	X33	X34	X35	X36	X37	X38	X39	X40	X41	X42	X43	X44	X45	X46	X47	X48	X49	X50	X51	X52	X53	X54	X55	X56	X57	X58	X59	X60	X61	X62	X63	X64	X65	X66	X67	X68	X69	X70	X71	X72	X73	X74	X75	X76	X77	X78	X79	X80	X81	X82	X83	X84	X85	X86	X87	X88	X89	X90	X91	X92	X93	X94	X95	X96	X97	X98	X99
AL	-0.0235030176190745	-0.0414728024070349	-0.0378905524737681	0.0280734594473366	-0.0247737024574612	0.0436979883016861	-0.0425631968541799	-0.0207631308556992	-0.00837149955269535	-0.015353049645622	-0.0419009428668421	-0.0187253568012656	-0.0419814396365313	0.0192082177106606	-0.0309893151499788	-0.0169099702065755	-0.0195537388882864	-0.0461670788124001	-0.0318559543609186	-0.0454273477090943	-0.0289615371428486	-0.0313098008075892	-0.0104693203181552	-0.041377621060917	-0.0137837699216248	0.0160487345735545	-0.0406529476935462	-0.0429077867046427	-0.00913576402905902	-0.0383344316766649	-0.0402804090396878	-0.0472884111597057	0.0337447155661728	0.0294976656524397	-0.0406615780766927	-0.0415596976556217	0.028255947036621	-0.0457394118986654	-0.00244506180211424	-0.0501349841392142	0.0255498569396816	-0.0401105346583122	-0.00979789457149452	-0.0144988493137241	-0.0449878296166288	-0.0303868550992342	0.0281148447581714	-0.0330143918183098	-0.0387539420888033	-0.05095763224471	0.0398738265167574	0.0252476734464673	0.0286093869609016	-0.0178461453047612	0.0290413230954183	-0.0389781740504472	-0.0312255488104484	-0.0281717704260797	-0.0226073295025305	-0.0371556921218899	-0.024306126703884	-0.0417880271332815	0.0191612016849761	-0.0413779162758863	0.0336331045229797	0.0291243332853237	0.0261397341670428	-0.0524404911608823	-0.0260123017952593	-0.0380283415763541	0.0390299207922542	-0.0429311506150234	0.0416513235127723	-0.00615039726153898	-0.0354826210686708	-0.0491576206877307	-0.0272367259630211	0.0419662505361711	-0.0276182922303554	0.0343435008219497	-0.0272477068278298	0.0245822993797387	-0.0358563705500832	-0.0210213902827103	-0.00712814709259326	0.0273629595410324	-0.004289424919298	-0.0293486324088061	-0.00674639664764643	0.0418691495845537	0.0346105266747797	-0.0360223454997525	-0.03239078408337	-0.0363108211582754	0.044666593224816	-0.0314902423499089	-0.0281516257923156	-0.0408516864960639	-0.0262478840465775
AZ	0	0	0	0	0	0	0	0	0	0	0	0	0	0	0	0	0	0	0	0	0	0	0	0	0	0	0	0	0	0	0	0	0	0	0	0	0	0	0	0	0	0	0	0	0	0	0	0	0	0	0	0	0	0	0	0	0	0	0	0	0	0	0	0	0	0	0	0	0	0	0	0	0	0	0	0	0	0	0	0	0	0	0	0	0	0	0	0	0	0	0	0	0	0	0	0	0	0	0
AR	-0.01030417271271	-0.0226078790582389	-0.0220948828027116	0.0307828300778395	-0.00700826879208104	0.0525565124374187	-0.0261754270902337	-0.00937528176027658	0.002190832290452	-0.0207990528076861	-0.0194086127703347	-0.00486571525977056	-0.0264973915670661	0.028419228962967	-0.019577376457765	-0.0057109997725737	-0.0062032056053738	-0.0309274760711236	-0.0208141893234598	-0.0266711246472961	-0.0185776219592236	-0.0255882775251578	0.00840815875305408	-0.0278156397143717	0.000472479916500302	0.0198437015147154	-0.0226326511059655	-0.0259119370704377	0.00568249936838825	-0.0230591669052053	-0.036855811517122	-0.0330990974889258	0.034905274426961	0.0370068959962052	-0.0240359768320593	-0.0238150977480238	0.0264842260584629	-0.0321961653777072	0.00562823240965161	-0.0348149213355338	0.0268539298228279	-0.0244357786472315	0.00639799456427298	0.000428944372660843	-0.0281796658596265	-0.0156367382873135	0.0314076216358632	-0.0222524377844867	-0.0259597166630418	-0.0347662705729451	0.0503559101322265	0.0351438241980974	0.0341377828547368	-0.00455373037921021	0.0382534056561002	-0.0254195557175061	-0.0132823925644094	-0.0170770321612211	-0.0101618600926287	-0.0204668242059227	-0.00700962016068126	-0.0257692588695173	0.0288605045616066	-0.0239872460630569	0.0413799142805263	0.0301854305272125	0.0346317405929802	-0.0369555371580747	-0.00922226936653326	-0.0249634037419528	0.0503077278870072	-0.0293671964509228	0.0493085291313312	0.000976065262020154	-0.0213440994904085	-0.0279180870796345	-0.0137431810726411	0.0490614398542435	-0.0199924060665127	0.0394333536680246	-0.0145812681809513	0.0368228271013137	-0.024934223946379	-0.0148212685179381	0.00126459619426803	0.0296500109636618	0.00501150843621379	-0.0143495706230388	0.00690634368961599	0.046745879178446	0.0376753479895413	-0.023467954285298	-0.0167154073583688	-0.0155575360658029	0.0510507044702105	-0.0173970811923483	-0.0109214743469202	-0.0305606960044867	-0.00982826508650554
CA	-0.0183356992926377	-0.0345516863059535	-0.0312811847219093	0.0292959033882331	-0.0185748085635482	0.0444978399636086	-0.0364637228280793	-0.0185699630711541	-0.00530288125653717	-0.0203419794802172	-0.0351443207227316	-0.0128041379223965	-0.0385893096847377	0.0204746236209248	-0.0260714244998633	-0.0156160225756118	-0.0159783069362509	-0.0409491187399229	-0.0285578852592734	-0.0383701824780272	-0.0265579141184108	-0.0293072730290249	-0.00266351462550908	-0.0372994464134511	-0.00891851086895604	0.019545407494535	-0.0352048012103717	-0.0383366638214959	-0.00427549896674163	-0.0311707321990974	-0.0380068170719258	-0.0413413243911351	0.0340257644605339	0.031448379679629	-0.0368324583564034	-0.0362555263667068	0.0295758625307323	-0.0399766161696634	0.000129808201585746	-0.0438802670105451	0.0253821507616646	-0.0337038172666767	-0.002389025179908	-0.0102092178835698	-0.0383090239878577	-0.0271102856177639	0.0316941576124715	-0.0307433742451232	-0.0339089911443562	-0.0448171120419029	0.0437474672396455	0.0305141376237976	0.0277864388437684	-0.0156898108625894	0.0314721250986134	-0.0352163117040338	-0.0229078606617782	-0.0232446028212176	-0.0184617837781964	-0.0319824085909785	-0.0191313011821196	-0.0359284954251493	0.0219937861571915	-0.0368337300959057	0.03522422622037	0.0277340068955882	0.0285000400288448	-0.0496635698001895	-0.0208269117525604	-0.0327689641945232	0.0421744118310596	-0.0381469192072176	0.0428656571733651	-0.000477605206795738	-0.0310226988450561	-0.0416826417623299	-0.0232777084930299	0.0442894794531567	-0.0222985197008522	0.0351152496277038	-0.0231390534037792	0.0286993608994912	-0.032940402882999	-0.0216535193134549	-0.00714630624920674	0.0282280787330754	-0.00237733367006115	-0.0235814738425372	-0.00261260463304508	0.0431801321354026	0.0368852049777758	-0.0290827403071569	-0.0270274413500978	-0.0311850739569947	0.0458068807096955	-0.0278381489613062	-0.0206608506006095	-0.0362947836341427	-0.0224229507952351
CO	-0.0147750008768507	-0.0302657302681675	-0.0277100034635962	0.0285528701687761	-0.0148552776579685	0.0445794043756141	-0.0328683143195629	-0.0172656743530701	-0.00260782951333139	-0.017446463844483	-0.0292753209474705	-0.0123780028410318	-0.0346756177289275	0.0185744988914769	-0.0259236151616964	-0.00914685471382428	-0.0138627272262565	-0.0355499972221977	-0.024792969145794	-0.0351201906777202	-0.0254037310843546	-0.0260217092247143	-0.0024128680156868	-0.0334082239454601	-0.0058634178668129	0.0159142685209567	-0.0315078797776948	-0.0317052825465597	-0.00143828972329382	-0.0293113766967231	-0.0358311373007795	-0.0376195213001577	0.0328477424283663	0.0346077007312331	-0.0323106082204009	-0.0326377748805595	0.0275526818866133	-0.0369496910864387	0.00400264080058341	-0.0397364158742552	0.0268875925410186	-0.0311145131817166	-0.00157970971552905	-0.00758478441298327	-0.033955920144709	-0.0230247364752649	0.0291904000477186	-0.0260022693922344	-0.0310270374187313	-0.0403294505164308	0.0424077349787001	0.027488287093353	0.0295138329244852	-0.0115565128971779	0.0324121288564506	-0.0317768456165042	-0.0189727115915158	-0.0229493135229685	-0.0165080357847934	-0.0300757201382423	-0.0145895530403447	-0.0324292604249188	0.0214116836811245	-0.0310845909581492	0.034804900393312	0.0277332846195999	0.0263210647083327	-0.0427862200981162	-0.0161563099712726	-0.0293454489805014	0.038464814980226	-0.0339581391891701	0.0397329783625381	-0.00213864149627057	-0.0257404927091079	-0.0355460919798959	-0.0202512220131347	0.0425309806805837	-0.0222564788087135	0.0335119092709549	-0.0194841175031456	0.0265993207982433	-0.0324191108224613	-0.019639694244631	-0.00803139857774215	0.0262777354924347	0.000720818162700265	-0.0206397925433443	-0.000773040215532134	0.0415041379297567	0.034516581539718	-0.0291405967237753	-0.0235422107450774	-0.0248508738082333	0.0459587891724768	-0.0243325671679936	-0.017200173094326	-0.0333920571543982	-0.0168330676632714
CT	-0.0209100662465574	-0.0363924233351957	-0.0331096581828087	0.0249054390905365	-0.020971259141392	0.0395937696353809	-0.0364721052326634	-0.0209155577900752	-0.00883297475786925	-0.0171813394392258	-0.0356918740589067	-0.017389110305469	-0.0369513290040927	0.0166151279052354	-0.0286788235626437	-0.0171505757117059	-0.0188005912588174	-0.0399757583558291	-0.0282501608036104	-0.039536772579267	-0.0269527672837557	-0.0287830009766099	-0.0101840426324297	-0.0389520455154158	-0.0119850702724253	0.0129780589199567	-0.0373624694236194	-0.0389746511853821	-0.00681345199341762	-0.0344259515980072	-0.0377391203284163	-0.0428585453123787	0.0299380368233042	0.031745561977687	-0.0368154829865691	-0.0367993474587758	0.0266880516311954	-0.0407264817229769	-0.00195365369565927	-0.0433981316964115	0.0233893759261148	-0.0344714400726518	-0.00685168689170083	-0.0121900706160751	-0.0392789564520962	-0.0277533112984107	0.026303208789255	-0.0328445304081701	-0.0345174814537408	-0.0455934288976277	0.0377679529872103	0.0240130307089701	0.0259847728384336	-0.01829327739814	0.0250035739860466	-0.0370617840783412	-0.0258430585079595	-0.0267789818682487	-0.0211764950457542	-0.0347258962822881	-0.0223409315221416	-0.0389146911736194	0.0178545078213108	-0.0367716856180923	0.0309362783006929	0.0235463276029778	0.0229983353585761	-0.0479050341212038	-0.0209143409242154	-0.032205097762297	0.0355398678853844	-0.037688392578445	0.037768822009305	-0.00418863956669078	-0.0333801110664865	-0.0417188410570099	-0.0257884168123695	0.0387933841208047	-0.0242391419063302	0.0324614337596552	-0.0228094652631223	0.0247308377085804	-0.0360283336686438	-0.0246556335597993	-0.00951671704061214	0.0251390300932322	-0.00342476188994219	-0.0266000839956753	-0.00497534704790363	0.0377419696469536	0.0315294245933704	-0.0315658109595774	-0.0292294438814315	-0.0303858264750194	0.0413926857507967	-0.0302630846073874	-0.0237155636877135	-0.0381819155841777	-0.0231777580921333
DE	-0.0163012785565961	-0.0305271678234027	-0.0288754957476049	0.030373536594866	-0.0147664393452764	0.0457490758278941	-0.0322132382895714	-0.0153394903969101	-0.00345920178892881	-0.0173649613797983	-0.0285374874112871	-0.0125121569567527	-0.0339959305426975	0.0215436086476421	-0.0265620420995078	-0.0108000804844185	-0.0140347633659743	-0.0355059201403592	-0.0244215642073567	-0.0352217099086475	-0.0247930050657733	-0.0269874431704215	-0.00117928301203763	-0.034349743491147	-0.00538032594993706	0.0158274213937327	-0.0297609546768534	-0.0340013379115643	-0.000952011049732693	-0.0276228228063413	-0.0345750937705347	-0.0371358520270381	0.0322803182172364	0.0337711427939628	-0.0325536146352389	-0.0308872485207217	0.0244436521383447	-0.0366083894125767	0.00507727441504159	-0.0401544718061049	0.0271607535024826	-0.0308427271679487	-0.000929032760707804	-0.00548487449839195	-0.0345946203119597	-0.0236026362989805	0.028610485108426	-0.0283078491162361	-0.0300452668726964	-0.0397029891852196	0.0432181564861004	0.0284796303565218	0.0293252521731843	-0.0109220721485382	0.0308477363437665	-0.0310398255269581	-0.0199368177288304	-0.0221397525677784	-0.016054243224096	-0.0285930960084673	-0.0151881040525069	-0.0331380158755646	0.0208316376695348	-0.0304711502212214	0.0345778190930831	0.0268502635432846	0.0284448333785674	-0.0438055347804137	-0.0147901841846231	-0.0297186523152403	0.0414114144400943	-0.0346457988575686	0.041757198454775	-0.0052964217211145	-0.0285935866777575	-0.0354103969042117	-0.0226898676318205	0.0438423523929798	-0.0215730532702352	0.0346230450820066	-0.0180734029144419	0.0278607339736481	-0.0301649201959673	-0.0206886118005695	-0.00545066477557786	0.0265051257703337	0.000871271322774052	-0.0214183548431824	0.00123710026360942	0.0419135767256793	0.0347343617438338	-0.0296519676521029	-0.0243507315376423	-0.0247660879588238	0.0445488398272237	-0.0255116461384691	-0.0176771682565663	-0.0326636021116714	-0.0173968175808718
GA	0.00931691383165318	0.00367580155802885	-0.00348262356265576	0.0324004602949366	0.0208810948886438	0.0633138015405597	-0.00608586321115676	0.0121273747684873	0.0196383419739764	-0.0158558576317823	0.00897329395382803	0.0110111071192577	-0.00821908203920184	0.0418196010104351	-0.00769880424507209	0.0135622250955103	0.0135586122450578	-0.00786964173398161	-0.00737070555705041	-0.00123467007982914	-0.0029072425437422	-0.0179779423813074	0.0383076164417128	-0.00518679714358394	0.0226353307444222	0.0328129348895881	-0.0020634693496066	-0.00376806503953452	0.0213701320583199	-0.00303720707354556	-0.0358321507405278	-0.0131348578104974	0.0387527765772493	0.0435043780062506	-0.00903476051228821	-0.00202984344695888	0.0291469199166587	-0.0097922193779656	0.0268739672878562	-0.0219505868165356	0.0324569636730253	-0.00670659234643657	0.029104045021692	0.0226826005029365	-0.0043183315185249	0.00964370687957962	0.0340294270011846	-0.00213168005235855	-0.00906125118844352	-0.013545055355649	0.0623059220740775	0.047225321044339	0.0463060290168184	0.0136976487183683	0.0557675758982525	-0.00509562132372844	0.0132588702012996	-0.00325913293203143	0.00902314870089335	0.000856712938159978	0.0157985116262697	-0.00638906759206917	0.0448022810029894	0.00263055735719185	0.0461980459390341	0.0322489019225064	0.047397152612531	-0.0144243285240929	0.0164642546965125	-0.00836018471777287	0.0653393628966251	-0.0136539767902288	0.0623965026988663	0.0104740830450234	0.00249199221068002	-0.00100049696547671	0.00764821711905307	0.0588931109052949	-0.0145585638909665	0.0528201386936557	0.0054653338911433	0.048986907397929	-0.00413562266138505	-0.00243880865120752	0.0146266428786165	0.0391712647580474	0.0212033170356803	0.00562032656127731	0.0243516777315063	0.0584870805109079	0.044274205114869	-0.003377441077094	0.00698353838692046	0.00729270226116722	0.0660132590251025	0.000212172203622176	0.0152307903608185	-0.0118944303219608	0.0133038978506368
HI	0	0	0	0	0	0	0	0	0	0	0	0	0	0	0	0	0	0	0	0	0	0	0	0	0	0	0	0	0	0	0	0	0	0	0	0	0	0	0	0	0	0	0	0	0	0	0	0	0	0	0	0	0	0	0	0	0	0	0	0	0	0	0	0	0	0	0	0	0	0	0	0	0	0	0	0	0	0	0	0	0	0	0	0	0	0	0	0	0	0	0	0	0	0	0	0	0	0	0
IL	-0.0197589581563106	-0.0356885316605949	-0.0323393414964134	0.0268553543854585	-0.020345106929343	0.0398659882548624	-0.0372552147520582	-0.0195856837298144	-0.00867570303281781	-0.0177029869236909	-0.034909819319609	-0.0144098259805323	-0.0377523320399159	0.0176953928232904	-0.0284364953353631	-0.0152224359160929	-0.0183009214923247	-0.0419688696810048	-0.0274830404566685	-0.0395243277360735	-0.0268866927804789	-0.0294527784343531	-0.00676833295547245	-0.0371121878899957	-0.0113545704488658	0.0125758065419697	-0.0359323840260221	-0.0383873339781334	-0.00410510168770711	-0.0334854532353215	-0.037487987004698	-0.0401997511681408	0.0309678343507476	0.029132580563632	-0.0365072199059795	-0.0346450813976263	0.0252935680116997	-0.0424791646152894	-0.00280230925053987	-0.0437894316516841	0.0241180966996829	-0.0344455621448173	-0.0062451445781469	-0.0122002288551374	-0.0402410764320697	-0.0275589229528027	0.0269178568302712	-0.0327593191885453	-0.0346356066941284	-0.0448400646955485	0.0373774838498222	0.0252538286882624	0.0244821013548215	-0.015148286650491	0.0303900484676312	-0.0366680938949732	-0.0258288162296695	-0.0267809808584509	-0.0217488638533629	-0.03357004721041	-0.0202590794907459	-0.0374201809880093	0.0165224358097329	-0.0374699949893399	0.0321492124787198	0.0257236391517349	0.0223419153713276	-0.0467968070337011	-0.0198429182784395	-0.0346172004524911	0.0352796277028651	-0.0381542469514236	0.0388672222167947	-0.00707024411568166	-0.0326449769042451	-0.0407932660343672	-0.0270238053513814	0.0383096110710943	-0.0243267830307394	0.030800406207291	-0.0225157652981739	0.0241504215952725	-0.0347064649562226	-0.0226652853643793	-0.0102441986484722	0.0241408927458571	-0.0035056631786899	-0.0261472805369699	-0.00523921805487037	0.0393689817833975	0.0319028948095996	-0.0332679565830631	-0.0283233611335619	-0.0301557501992872	0.0422811272808084	-0.0305258816975446	-0.0234448595705435	-0.0376470703887931	-0.0241073960575924
IN	-0.00278032881699189	-0.0152962057895347	-0.0182892269396276	0.0322559048566363	-0.00120177937217171	0.0531787366839945	-0.0209281881296466	-0.00605238727134549	0.00533650253950964	-0.0154570249045534	-0.012135683188324	-0.00312251286516229	-0.0207231102524131	0.0261468033519451	-0.0174702592447833	0.00100832403873046	-0.0014702467994203	-0.0237969582388252	-0.0177439308502223	-0.0173625843285814	-0.0133562513901571	-0.0201751187564343	0.0144894388229532	-0.0223673481459744	0.00507176220467938	0.0237331019072633	-0.0161116724857584	-0.0207960522248488	0.00853819166729575	-0.0138395801056497	-0.0349375683893143	-0.0263265947370357	0.0347760405948618	0.0372936699493388	-0.0200246446439668	-0.0193590264627184	0.0273934375179773	-0.0267064995778208	0.012254652030547	-0.0312555417144756	0.0247752721069565	-0.0181284367204406	0.0101000402456941	0.00775389091649999	-0.0234472393879031	-0.0113776246378637	0.029248953960028	-0.0144672674436346	-0.0213863483453017	-0.0296838933368224	0.0500966564922448	0.0388960219571827	0.0350738785554953	0.000340637613056242	0.0371559568536837	-0.0210916810692911	-0.00699187438727036	-0.0147402555142358	-0.00625513966378065	-0.0153574434278515	-0.00239000930013091	-0.023964594405366	0.0293294869365321	-0.0155498167014395	0.0400439897613003	0.0287780332136721	0.0324878362810386	-0.0302089699959676	-0.00335099244095036	-0.020363811798058	0.0515026664745446	-0.0250155139853214	0.0498574884580638	0.0017822017413707	-0.0155720858512138	-0.0195299954917124	-0.00843771160645849	0.0468294737232944	-0.0194890746167668	0.0411379963216898	-0.00930540061410672	0.0388234697960232	-0.0179304214226508	-0.0111442536403384	-0.000329884954886484	0.0305691449855231	0.00878467759406481	-0.0100884947970308	0.00849646546129602	0.0458951604641541	0.0378482360439742	-0.0152969686890157	-0.0110685126525176	-0.0115543901466053	0.0542970454695645	-0.0136765784089497	-0.00420432696602794	-0.0220403009477888	-0.00563410434276015
IA	-0.00768625487798833	-0.0182584484094059	-0.0201703360427642	0.0282576719518192	-0.00255054474097524	0.0493963255928445	-0.0227194460233797	-0.00889840498628074	0.00278153718143155	-0.014804761690886	-0.0160230049560206	-0.00643741695684748	-0.0237997285701968	0.0272544505178344	-0.0185392448405713	-0.00375926091727083	-0.00595290387565676	-0.0256995703735952	-0.0180494147359721	-0.0219865420490516	-0.0176610647142712	-0.0225589380742691	0.0118196491406229	-0.022742228022022	0.00340055307525022	0.0242136703786583	-0.020119636824695	-0.0231704415497234	0.00602205658039976	-0.0187602000821599	-0.0336533123265574	-0.0275700661774689	0.0329873077530877	0.0339306221416835	-0.0225873259729523	-0.0215793336073785	0.0257739169731992	-0.0268745090688372	0.0106381948048964	-0.0324215044257673	0.028094885621192	-0.0204562232973625	0.0110806536733328	0.00345634830557396	-0.0261373140806988	-0.0147937041670533	0.0298936154998737	-0.0184036786367021	-0.0217954698662907	-0.0320025831232874	0.0472223678603486	0.0347720937975788	0.0351747967531715	-0.00392385884611631	0.0398328276242223	-0.023323664188678	-0.00750018904885893	-0.0151639256286222	-0.0105352456825023	-0.0184020661470082	-0.00472573633045539	-0.0240461194738843	0.0295786316454021	-0.0186096775027344	0.0363805961871297	0.0261974672872662	0.0321148184321377	-0.0335275164557267	-0.00404654616572462	-0.0220223794138071	0.0474345459814797	-0.027029461719548	0.0485395188541098	0.000317226221479925	-0.0170636444555738	-0.022801932806985	-0.0120089326599663	0.0457570475623594	-0.0186490161752858	0.0405843408646042	-0.010792285244164	0.0310427460343796	-0.0218528577848582	-0.0133523512743209	0.00049519492590473	0.0303097814245578	0.00758473789104588	-0.0126149298094633	0.00756107926982487	0.0454320001082782	0.0367426760291396	-0.0190257808307496	-0.0120826852490754	-0.0105528739020465	0.0522049021534522	-0.0164898621162774	-0.00760130757899933	-0.0266692612718991	-0.00790822037329095
KS	0.00401998100589383	-0.00825513598273502	-0.0108877677839286	0.0327152249766976	0.00803383230147195	0.0567118909081612	-0.0148495220330177	-2.90580359636678e-05	0.00813728588257649	-0.0146898658293775	-0.0034133735792021	0.0032536551598177	-0.01597910070088	0.0348650669850736	-0.0164131130632827	0.00518607553154093	0.00479738301832448	-0.018652474600349	-0.0128698412203329	-0.0119775391143982	-0.00845571034199459	-0.019309417244171	0.0246824541081856	-0.0151158490991154	0.0141148196470331	0.0267491322894794	-0.0125392352487754	-0.0139513074630717	0.0151375680985466	-0.0114254051577182	-0.0332259805599711	-0.0201505770093868	0.0365351779049747	0.0423628409392992	-0.0130518134231095	-0.0137911628860433	0.0259822280837328	-0.020624413680821	0.0168363513553524	-0.0270180447275115	0.028843716443123	-0.0144990484394958	0.0199435922226025	0.0148593259447573	-0.0164208074994116	-0.00266248824400603	0.030350948622698	-0.00960865440883015	-0.0174273902707675	-0.023571475254519	0.0552211718313752	0.0423622384302659	0.0436828014815101	0.00532440699934143	0.0465555852544015	-0.014226390857362	0.00139806725614099	-0.00767831966643297	0.00261124926531316	-0.0123039599070038	0.00544737520204952	-0.015656913923748	0.0339009357865484	-0.00954148288059507	0.0411915912389633	0.0294543191490606	0.0374002910790932	-0.0255793100215392	0.00892447382343362	-0.0141284589265454	0.0567926904535375	-0.020923750893444	0.0559543117049776	0.00430206937010339	-0.00758210692879329	-0.0113493369392592	0.00157233594446831	0.0509001076899625	-0.0166599640701111	0.0479716718507437	0.00078871981031316	0.0414124166325294	-0.0131498705648294	-0.00792887090770855	0.0073134772331697	0.0331688561384372	0.0144383644887823	-0.000922295498188957	0.0128250222412342	0.0518568287419806	0.039143350258649	-0.012585249519819	-0.00374920304714515	-0.0023445126695864	0.0601546197354073	-0.00786599584378721	0.00526255319460383	-0.0183808309007736	-1.67744818564795e-05
KY	0.00141561061750235	-0.0036150923433437	-0.0121098125854892	0.0309076878821473	0.00905551224308983	0.0569303268145615	-0.012597936696634	0.00230874454127074	0.0139628279605811	-0.0153943137442406	-9.91162492293283e-05	0.00430923363127711	-0.0138410453878143	0.035671212405891	-0.0127057164292849	0.0091509849979075	0.00660484020501983	-0.0155361610872521	-0.0109960426336774	-0.0108544569249371	-0.00837979758643578	-0.0181756622542747	0.0264257476325541	-0.0121374670537464	0.0139098435155872	0.0292668204540524	-0.00956899302383165	-0.0135206592705554	0.0160996835056253	-0.00893364711296505	-0.0346334569073876	-0.0168170204793867	0.0360734713156323	0.0400208469312287	-0.0120499104832327	-0.00986859259325137	0.0290308090997375	-0.0187997924082153	0.0212452993518493	-0.0237836490100291	0.0275054986761589	-0.0121129819855547	0.0207899205484219	0.0140211888448184	-0.0150816354439338	-0.00267390239320446	0.0289559053978323	-0.0101240331276345	-0.0146434827527224	-0.0225233237400044	0.0557754832784869	0.0443063896743362	0.0436737848945508	0.00835988240037708	0.0477905189605578	-0.0107695576847321	0.00454405812261509	-0.00776736783943909	0.00143071379778671	-0.00726629183829819	0.00664432169078513	-0.0129956711978568	0.037892896999591	-0.00684689867273655	0.0422200371995768	0.0302053801524571	0.0403595460482952	-0.0226211860240982	0.00868850085239256	-0.0128889577537297	0.05948487086372	-0.0193080565192022	0.0555958437049659	0.00421831354506065	-0.00544167207399323	-0.00809794994014016	-0.000460222509824476	0.0552611077762332	-0.0144661137251374	0.0460649976067162	0.000509374236241361	0.0437501736068298	-0.0122831515630909	-0.00693770635608964	0.00715871017723164	0.0389802139461744	0.0172702779345023	-0.0025956204330868	0.0180592515734708	0.054174768621902	0.0406033983297976	-0.011530349815427	-0.00183837036552249	0.00358266759557148	0.0594309473728196	-0.00517424524244952	0.00655514887801928	-0.0179634228163683	0.00428449905558861
LA	-0.0113530825866849	-0.0255271030255924	-0.0253377112141409	0.0305943572039474	-0.00801124414608076	0.050580728005642	-0.0292875990922829	-0.0125061371925272	0.000615288903937805	-0.0199574251551626	-0.0247912714788315	-0.00837284086243152	-0.0298073946212366	0.0293958968536882	-0.0216401500115317	-0.00843616616429065	-0.00885377399652921	-0.0312955771750078	-0.0220235841594414	-0.0301839879314727	-0.0201976345808178	-0.025371982229662	0.00812006076056896	-0.0273863408196029	0.000217580195223312	0.023303969050668	-0.0296241067620273	-0.030059143415462	0.00517612210823348	-0.0247957566007108	-0.0383139227849471	-0.0343391107506971	0.0362211218448869	0.0376294086820431	-0.0310244448428836	-0.028977602245381	0.0291545702380989	-0.034972072240229	0.00925275131448202	-0.0403407561038401	0.0273439148154711	-0.0286040171483759	0.00562614916728493	0.00106993265482095	-0.0326023158689918	-0.0186412021403697	0.0304633989818676	-0.0257907322213123	-0.0286370104589177	-0.0386694936597254	0.0510134875999304	0.0373502496793295	0.0344914579823175	-0.00646107877786158	0.0406044139588389	-0.0307853876284474	-0.0131823649104823	-0.0173994842849859	-0.0133884462751186	-0.0258686425271444	-0.00785664111828362	-0.0306363238786747	0.0291952324469793	-0.0264603772915315	0.0375730220001803	0.029316085534628	0.0310151191667757	-0.0403079509144	-0.012801179338834	-0.0263540682743592	0.0491568866430102	-0.0322330316914391	0.0480907631827807	0.00136130589655006	-0.0230935200506563	-0.0339198837183493	-0.0166507993813145	0.0487680903980601	-0.0214093039310393	0.0408788801221242	-0.0147511173039961	0.0356373697635257	-0.0293662698897431	-0.0146282646476766	-0.00226533498496619	0.0310928554197055	0.00609300899164167	-0.0171300800269107	0.00614350423638791	0.0480723181582618	0.0391134311166412	-0.0247779903988015	-0.0185537847864742	-0.0208433469791232	0.0515277576987914	-0.0201306182836929	-0.0135518531831586	-0.0323880173435545	-0.0125815041591113
MD	-0.0129542060826888	-0.0254612631150678	-0.0244794257464669	0.0266962088966635	-0.00888730723363487	0.0452413592223127	-0.0277575464475846	-0.0120070755975986	-0.00104430066873749	-0.0186442978113286	-0.0227785267805375	-0.00829094026369533	-0.029217085170767	0.0229931721730533	-0.022308962386706	-0.00768555830672412	-0.00939344376110869	-0.0319118018677423	-0.0205270062647554	-0.029560498609874	-0.0214664399594491	-0.0215989193133591	0.00309679111268335	-0.0294658851450412	-0.00128857382828476	0.0187654444398082	-0.0263068962414933	-0.0292463464156271	0.00275244424854749	-0.0244263958094719	-0.0351446734474286	-0.0343550910414564	0.033617040367489	0.0355295557854334	-0.0268649263722139	-0.0270691654008391	0.0239546478273289	-0.032574601334128	0.00600730331751566	-0.0361907264351237	0.0252795398936182	-0.025422869188386	0.00464868187822326	-0.00178035739287444	-0.0296718134278325	-0.0180398223236621	0.030001908984384	-0.0251147684255022	-0.0282426632803561	-0.0361985017752379	0.0462344619075476	0.0323484644283283	0.0315296432345335	-0.00602005500190467	0.0361571868329161	-0.0271064468879397	-0.0157513994633008	-0.0193492687858005	-0.0129681103067488	-0.0244828136007339	-0.0112180912938957	-0.0295708606560152	0.021851042146757	-0.0260035039265878	0.0382962990636211	0.0284274072600955	0.0310098429894523	-0.0394409000267057	-0.00864711158808825	-0.0259796946179497	0.0467874781111421	-0.0324078114010144	0.0449104143218042	-0.000648648527297755	-0.0225681671629175	-0.03237042214115	-0.0151920581223358	0.0463809977455682	-0.0203198549901703	0.0383735138942079	-0.0154825179925235	0.0290088905285695	-0.026527169488274	-0.0178418474360042	-0.00295788542934319	0.0281239217623183	0.00431896790427234	-0.0169304167649736	0.00269197428083116	0.0459003003058019	0.0355267300820506	-0.024228192139294	-0.0169724638289124	-0.0186617155644491	0.0498140514833663	-0.0203131011413208	-0.0123381596733859	-0.0313143812921392	-0.0138905337845532
MA	-0.0254388304162056	-0.0415792943315033	-0.0366391908178897	0.0258847845201909	-0.0259691199306915	0.0368910365783021	-0.0430573020542787	-0.0263012823802023	-0.0132563854250895	-0.0181833893535037	-0.0420054380646551	-0.0221147961286702	-0.0432895730852496	0.0130461736100599	-0.0319346019314597	-0.0194796132785694	-0.0237061806579382	-0.0458178175410921	-0.0316827576533507	-0.0450024107222159	-0.029787999301614	-0.0316827154919346	-0.0164315055805914	-0.0417818639958272	-0.0169258365649137	0.0122504399775648	-0.0414468171147201	-0.0434716781584107	-0.011456020260869	-0.0396052416944352	-0.0346727542173216	-0.0478358706084792	0.0260935863309254	0.0236410535330459	-0.0414371297590769	-0.0412707529976627	0.0224901211048398	-0.0449421879019691	-0.00880539240727753	-0.0469163328626241	0.0233464849389921	-0.0400418914732154	-0.0135268758933908	-0.0178368577531329	-0.0444102968681185	-0.0342832985449585	0.0266954519538623	-0.0385184991984474	-0.0392705380310232	-0.0482648903371449	0.0341481534872609	0.0176174063808096	0.0204454635100762	-0.0232135260422621	0.02105933931847	-0.0423825923968996	-0.0319547372760322	-0.0315059262612497	-0.0271744316660445	-0.0404390979140562	-0.0274984771497687	-0.0432901659103381	0.0112073869636001	-0.0420001642817675	0.032131918986702	0.0240413849584985	0.0188878774094835	-0.0525658823744238	-0.0271937033656035	-0.0375293762582943	0.0314390562420403	-0.0424272188800401	0.03169520918125	-0.00831612543843319	-0.0392127670235041	-0.0485559976887085	-0.0314847874364346	0.0316142630130164	-0.0281937225174646	0.0309860276926816	-0.0299351685685872	0.0174935306191957	-0.0394544486786251	-0.0272898036448286	-0.0130898880545513	0.0230894968546445	-0.00855930945144526	-0.0313592203078286	-0.0125935060697436	0.0329337062153908	0.0286980948854973	-0.0383785754574755	-0.0339846840972227	-0.0370833667298857	0.0359350284722436	-0.0352604747199639	-0.0305607878077373	-0.0409055121939614	-0.0304390930940618
MI	0.00813871129788541	0.00534451800718559	-0.00150509710621635	0.0310442673358096	0.0168596391531932	0.0617726956013516	-0.00683464338554173	0.00425870792425965	0.0157053545329445	-0.0145569267488554	0.00989541224071024	0.0107727793577517	-0.00579547945870984	0.0382407147631853	-0.00708569375744031	0.0133445509819223	0.0133033981289028	-0.00452014878310302	-0.00583588704975963	-0.00310493806855728	-0.00269365002833723	-0.016589445151736	0.0363090455026385	-0.00679088038607054	0.0225048926099528	0.0332532558173734	-0.00256379211669017	-0.00541675035408677	0.0216988666910894	-0.000513098687071158	-0.0310673690644323	-0.0114833021105611	0.0348943362726352	0.0456667000606978	-0.00148069205439012	-0.00501505603900957	0.0276624910446554	-0.00985440193770469	0.0240326576902547	-0.0176233505718257	0.0264027383352502	-0.00467769873396221	0.0307248481187882	0.0228344796566762	-0.00611999616624854	0.00578907894424193	0.0322859664913674	-0.0018118538814231	-0.0096861332904709	-0.0139603381623587	0.0600110554288299	0.0478840224081755	0.0452964186216319	0.0167611355070215	0.0517342259280368	-0.00405175599919796	0.0142183123733899	4.67255752177167e-05	0.00914940735768392	-0.00099682568865259	0.0163930314488328	-0.00458233766578684	0.0413968997988858	0.00456690502334807	0.042685790235512	0.03133400657925	0.0435126899572594	-0.0123380774032684	0.0161067950539693	-0.00601913633547452	0.0623404354332535	-0.0112432410171339	0.057054743060505	0.00993168477875764	0.0016936661759995	0.00320489361582829	0.00855214443552581	0.0549906665123359	-0.011469381390932	0.0482496678694279	0.00629789764439352	0.0480927755018044	-0.00569153766789859	-0.0014562139049385	0.012766925112549	0.0360836114110083	0.0225527919667101	0.00592796752220502	0.0249610313618493	0.0548564436628742	0.0414716026151806	-0.00412924849266324	0.0069031540578212	0.0109432910966882	0.0638488693180123	0.000661559061980022	0.0168281136167889	-0.0126518297935084	0.0121865174102752
MN	-0.00562088127203872	-0.014028324557604	-0.0160092435058636	0.0288526770203793	-0.00171718072564175	0.0491096884493575	-0.0197159034334637	-0.00686802867340594	0.00417388489571639	-0.0156368530699188	-0.0115693899906879	-0.00334365891804984	-0.0214588064071211	0.025397104239349	-0.0173806561087408	-0.000762323903751581	-0.000943242824346003	-0.022875706525264	-0.0164728348417352	-0.019725271887585	-0.0142533953458037	-0.0223376927298351	0.0139557807349793	-0.0198983087565456	0.00411527449555606	0.0222919762905891	-0.0186468620756777	-0.0210981700403537	0.00632066158837995	-0.0162919246714997	-0.0326535208150679	-0.0265145735063106	0.0344249393169905	0.0378311141538449	-0.0206150997429515	-0.0174401009034595	0.0273931698478698	-0.0226642011269907	0.00945908069006359	-0.0284486901451879	0.0248183815877636	-0.0194932305921641	0.0106354250801209	0.00363360311444513	-0.022323132399969	-0.0109237946331541	0.0253490331832314	-0.0165215507244551	-0.0199965075324314	-0.0280232446220863	0.0472507496372187	0.034158044893142	0.0329209513917361	-0.00135673416297042	0.0392465910776191	-0.018035959124191	-0.00564938590942532	-0.0142354582505657	-0.00757330744357314	-0.0162345274699703	-0.00268167613244117	-0.0203141542336345	0.0261902456081419	-0.0164490754959346	0.0379174290501498	0.026307203181987	0.0323659445717629	-0.0284176195662882	-0.00229225327395846	-0.0206872323474594	0.0481045799603795	-0.0248900168567251	0.0465293770394625	0.000703513576583615	-0.0137590090703146	-0.0173199995215851	-0.00999221598087136	0.045757906867104	-0.0169987525518954	0.0384200767052171	-0.00901251235569957	0.0350115467964748	-0.0191363719407816	-0.0102352623927883	0.000355858828400069	0.0291695720596015	0.00731566012898483	-0.0103248510994497	0.00952545274170847	0.0466642458496965	0.0356238998160954	-0.0180653831632742	-0.0116629195179947	-0.00779701215246703	0.0506644137889613	-0.0129926533528827	-0.0038975808871248	-0.0239789597251518	-0.00595499292857211
MS	-0.0174765998096909	-0.0351168048741814	-0.0307675734926597	0.0294848655428664	-0.0164618648362286	0.0454695931507237	-0.0375066797949076	-0.0178121815845514	-0.00559907967367073	-0.0206112253374494	-0.0351683873055611	-0.0124229439784484	-0.0389862410352753	0.0208212791784728	-0.0273962744906277	-0.0123749968995395	-0.0143794085568238	-0.0406436973018089	-0.0269856821522232	-0.0376689883411416	-0.0272386317260645	-0.0297736955877822	-0.00246891729009086	-0.037103408988587	-0.00379309452869012	0.0168807296371877	-0.0345576858272497	-0.037171534163474	-0.00311545539307729	-0.0335666517405248	-0.0357819324669957	-0.0413521493141188	0.0346264212278264	0.0360172733781836	-0.0374149517558577	-0.0370662940348135	0.0281951188260451	-0.0412509554975306	0.000492711315002172	-0.044047850670921	0.0240787422627011	-0.0338937225501779	-0.00274422673378692	-0.00638112862485088	-0.040185608013133	-0.0236684570999386	0.0288743674344468	-0.030575762219238	-0.0338130960439292	-0.0464530297167265	0.0452506549389417	0.0290141995664677	0.0311690615069807	-0.0102086412672649	0.0344013656678114	-0.0350393510920947	-0.0224410096726113	-0.0238869046411406	-0.0191389335929282	-0.0316177919356628	-0.0152322968161196	-0.0353943669629984	0.0234071518393835	-0.0355278207926292	0.0358711573979781	0.0280709108702966	0.029399189813394	-0.050949475679	-0.0181411573079612	-0.0344240780476921	0.0430138164489069	-0.0380690706495425	0.0445993266559817	-0.000926190658643507	-0.0305374094627726	-0.0431622907995649	-0.0251415613673878	0.0452559777135296	-0.0231581644866638	0.0370429653777836	-0.0219278764826368	0.0271039864349717	-0.0333887866100193	-0.0184302204308737	-0.00731438176897574	0.0276454041668895	0.00138694698735438	-0.0244487442958097	-0.000530272242723197	0.0448927068830529	0.036637076059779	-0.0320022712613636	-0.0277845672659276	-0.0295386182148118	0.0504829146057466	-0.0277383639164805	-0.0185586370118066	-0.037497360767469	-0.0189301042627652
MO	-0.0104520256810245	-0.0219329757270111	-0.0210015770627392	0.0282594327803792	-0.00794262498199705	0.0491452066539367	-0.0271506138646996	-0.00832992059915498	0.00415539593950321	-0.0176430663890841	-0.022173469890231	-0.00756849724270777	-0.0273434664949299	0.0253180793315447	-0.02100056836336	-0.00474953938527338	-0.0069686451226904	-0.0279400858119739	-0.0239489325909388	-0.0255066904978844	-0.0191225121481095	-0.02161454158714	0.00747906332201976	-0.0256513671375149	0.00331165695474054	0.0222630451840345	-0.025159907026263	-0.0253897395092775	0.00470343440520866	-0.0223278800616972	-0.0374733261484622	-0.0315907248815311	0.0332389528113315	0.0320157297446794	-0.0260345729887288	-0.0242374275015704	0.0294853856825665	-0.0316183075987785	0.0066921188170176	-0.0358588841670184	0.0238339044183002	-0.0243048865996339	0.00820915590666771	0.00172999961054081	-0.0298104277389106	-0.0148792843522191	0.0278503260296915	-0.0235068868584518	-0.025536486563032	-0.0342480363736943	0.0480770976168519	0.0311214641725525	0.0339764722487353	-0.00467428571787638	0.0370750592610082	-0.0251739530839467	-0.0121121442720922	-0.0164589289718489	-0.0102251364229025	-0.0210986842820319	-0.00810558629340048	-0.0277917128688933	0.0275622487391831	-0.0233744092370728	0.037728931920072	0.0276929974028629	0.0302476508581426	-0.0357161623434731	-0.00954216549772362	-0.0250305237515673	0.046237222446227	-0.0284963578164938	0.0480450957193466	0.000960025327662994	-0.0202717564711107	-0.0284106076074595	-0.0156465679219883	0.0468107360392407	-0.0200399267977757	0.0398176959773068	-0.0138521625605834	0.0359483914220833	-0.0254585891053716	-0.015669998622649	-0.00167355097852211	0.03024803249712	0.00557809428862329	-0.0162634474067844	0.00442601200350787	0.0463943285970094	0.0360716958027652	-0.0215081479061164	-0.0171729029163783	-0.018874353052462	0.0494955532577127	-0.0192498225822645	-0.0106607868083826	-0.0306787385334139	-0.00998808182621009
MT	-4.32603903450036e-05	-0.0072951470717409	-0.0101531361435619	0.0313067557380742	0.00568910127548563	0.0522901848658803	-0.0131292893272946	-0.00199905861433512	0.0103657321279311	-0.0141501548443032	-0.00582182702235473	0.000699099745163861	-0.0159594530287158	0.0294161905423357	-0.0139329085476786	0.00320272276629966	0.00408589951140857	-0.0166852576112672	-0.0111785153003879	-0.0125652151632504	-0.0100974250628731	-0.0174587348926442	0.0209718381855365	-0.0161189482759746	0.00899565307887302	0.023852551750574	-0.0123551413854124	-0.0146600211860232	0.0129927106316145	-0.0110782647661174	-0.0309495784525852	-0.0201203251010788	0.0338575888432455	0.0387247751533838	-0.0115074891462275	-0.0134065612140721	0.0252682908040112	-0.0188549769855186	0.0170450382597853	-0.0244326607919231	0.0244348857395064	-0.0143401672095576	0.0185126210085304	0.0113039896349722	-0.0170132374987451	-0.00418111868095012	0.0288428562978233	-0.0121512125496431	-0.014690355812006	-0.0174914526837881	0.0495691473659869	0.0380232535900373	0.0370184430362756	0.00468834878131488	0.0411919372768848	-0.0138414061354221	0.000996287406056121	-0.00995964388722252	-0.00199976901428206	-0.00997115084435097	0.00248805133451972	-0.0160571507913376	0.031917361052717	-0.00676150095995903	0.0368618848630669	0.0289295650643849	0.0357679362038077	-0.0238410781369834	0.00571921779770373	-0.0157249499384091	0.0527262082814463	-0.0198415906478387	0.0508402320626444	0.00539423361205254	-0.00629839960960322	-0.0121323106334591	-0.0029007266185338	0.048939534003222	-0.0138304034879713	0.042575239481955	-0.00247103939106577	0.0386409639200171	-0.0162790383882641	-0.0100247436793156	0.0029917855057347	0.0309805442170249	0.0138027714318798	-0.00476166000091984	0.0106509520686366	0.0487085959651571	0.037248639289905	-0.0120146431640256	-0.00374611115600678	-0.000702353798391865	0.056187937317535	-0.00909721863554742	0.00407451616549649	-0.0194231737065827	0.00258372741926706
NE	0.000268199214540842	-0.00765224824064274	-0.00935728626103561	0.0318253476636051	0.00477069530380096	0.0571360433798824	-0.0163681440821	6.45159640715394e-05	0.00952781522231729	-0.0167877474358542	-0.00291299466450708	0.00367540229036896	-0.0144342777014191	0.0307952109910391	-0.0124157142180555	0.00529281415719373	0.00447786679998632	-0.0154969865176777	-0.012450609095891	-0.0137563554330188	-0.00674415892220858	-0.0194112565312807	0.0247477727886221	-0.0136493522569597	0.0117846246125079	0.0310342954421446	-0.00994692088990539	-0.0133718447587185	0.0139305259392039	-0.00980797390038311	-0.0327034159966946	-0.0184249460570041	0.0347003682521424	0.0421188936768756	-0.0127814453119673	-0.0126416311625707	0.0273780329380923	-0.0182927979916237	0.0174290278779846	-0.0245647751866234	0.0269398710002798	-0.0138410999260583	0.0185957170301323	0.0130957819548273	-0.0156155802328232	-0.00313209420380492	0.030087059017577	-0.0106030861490083	-0.0159591783406078	-0.0228381715041097	0.053988650825135	0.0396958336471367	0.0386788461570784	0.00780412014218978	0.0444558064740079	-0.0140846141748927	0.000628686485927188	-0.00915178379758688	0.000344795213718847	-0.00868403138700687	0.00558217804884257	-0.014695294318272	0.0366175542225633	-0.00796585632930145	0.038893643545435	0.0298939194464652	0.0380123449910357	-0.0247438222354767	0.00834579960681091	-0.013543431736887	0.0558438157813651	-0.0199943517335258	0.0536561086120469	0.00615649393449703	-0.00996056201290934	-0.00888353106861872	-0.00124322125650032	0.0529431387353383	-0.0152269513927311	0.0404425422728776	-0.0018341157027027	0.0432573239998508	-0.0139128393146487	-0.00623278581026607	0.00556612589942484	0.0345719821853463	0.0151038189254919	-0.0037158098164641	0.0153403902147549	0.0498722247606881	0.0391120388229639	-0.0108106458366188	-0.00578227118541175	-0.00114776444373553	0.057048040673504	-0.00899002927561034	0.00419233260356014	-0.0189403980498254	-0.000198902306376689
NM	-0.0113106135772125	-0.0271857533267215	-0.0254893678743875	0.0303952890625677	-0.00968934386077234	0.0515306562280241	-0.0322886194163335	-0.0142345760494032	-0.000823412390115299	-0.0162136813405123	-0.0266782596983259	-0.0086296838540322	-0.0296858049822532	0.0251790389084844	-0.023291819772986	-0.00838631696112502	-0.0100035757418096	-0.0325802989696991	-0.0219968078009409	-0.0311124948982568	-0.0228242526965088	-0.0250902214131627	0.00318737257184094	-0.0306190190077277	-0.00359625700594431	0.0214798407414747	-0.0283722773216188	-0.0307762411916723	0.000405325907831375	-0.0248142264882098	-0.0366158012283079	-0.0339109058338272	0.0324580596748908	0.0363765753891979	-0.0297901769274857	-0.028611774336991	0.0228971032862765	-0.0363841126544525	0.0085793540400322	-0.0406775908570616	0.0252012088877739	-0.0291819502187324	0.00308268905775283	-0.00166666775794176	-0.0311310190350642	-0.0172658224024571	0.029644280141374	-0.0249867532495418	-0.0283361859206484	-0.037933027061375	0.0464881413708943	0.0323321494503693	0.0333359321327022	-0.00739345046904201	0.0410235716589336	-0.0297687564780711	-0.0153994152742914	-0.0210915235064346	-0.0136238921789014	-0.0245686139019646	-0.0084442552588138	-0.0298482372735472	0.0255019194947573	-0.0273743829154914	0.0384790006112913	0.0301262635912907	0.033672051376641	-0.0414974168477691	-0.0108643489504498	-0.0261937355413143	0.0491781889636475	-0.0355282450882569	0.0493734415301473	0.000733221087616186	-0.0234759459570073	-0.0321055392220506	-0.0184503454809798	0.0472286326079494	-0.0212581981695491	0.0417222941371838	-0.0150178920364888	0.0328646330610713	-0.0268456280373471	-0.0163328158790386	-0.0023635668573609	0.0269312636649114	0.00478884897893539	-0.0180435220529585	0.00326210944236314	0.0452740688735037	0.0367996540668493	-0.0258316012757578	-0.0183525803994677	-0.0207788381938304	0.051885509027412	-0.0210023423057348	-0.0146352723127607	-0.0325951222937309	-0.0147042670146869
NY	-0.0169710744022524	-0.0320703516278168	-0.0308311611075393	0.0257914034853992	-0.0165560503785383	0.0408918645873875	-0.0343361471304113	-0.0178508903523506	-0.00606181303775763	-0.0168042688774488	-0.0317093241304139	-0.014103893645583	-0.034720855466322	0.0204094377495548	-0.0255839901378315	-0.0135272847275069	-0.0158815378996363	-0.0380221743867624	-0.0246048727293536	-0.036139719728261	-0.0256149796701773	-0.0276078028423624	-0.00577440600063563	-0.0350132839494835	-0.00858130468925917	0.0164439813910168	-0.0344894418538533	-0.0360787200236148	-0.00356058290315355	-0.0325960206263527	-0.0343675249989064	-0.0378534761138093	0.0301523984279432	0.0313627717323886	-0.0331868746906244	-0.0333727716616931	0.0257859243628219	-0.0400787465614005	-0.0019399334839503	-0.0416654592052702	0.0269121568727271	-0.0336594738036301	-0.00543211588491064	-0.00933102486087698	-0.0361519541277311	-0.024899869722314	0.0271899555199728	-0.0306986449832844	-0.0339092039277551	-0.0412376672975872	0.0390491081024057	0.0261680329839075	0.0268118399059321	-0.0138935443573949	0.0299159557043452	-0.0333039556865021	-0.0221203385733357	-0.0245527726521323	-0.0199072035673675	-0.0317533630452905	-0.0206556667748266	-0.0344749899148255	0.019949386899424	-0.0340689119575521	0.0305882445162505	0.024393881353787	0.0276490283344317	-0.0462265310152419	-0.0166419995847348	-0.0316551967227776	0.0352162021576447	-0.0360447772843774	0.0392001697117386	-0.00610704824247417	-0.0299775425144609	-0.0383773741193849	-0.0234987309365874	0.0413735631895742	-0.0237572882402298	0.034441880118711	-0.0244216810052528	0.0260400899978607	-0.0320798226346881	-0.0211798858292311	-0.00787519272801765	0.0265429227071882	-0.000796408091695007	-0.0244211663302504	-0.00304906185111447	0.0389042603710458	0.0331592120138441	-0.029228002901224	-0.0264482791567504	-0.0271340717062559	0.0420043246953713	-0.0253004442649217	-0.0223534307044358	-0.0364858684981014	-0.0207498246912573
NC	-0.00177202632588283	-0.016203770985417	-0.017709724412833	0.0287946500925064	-0.00124975801228787	0.0542119731347801	-0.0215696643654519	-0.00426722263122573	0.00589437645870262	-0.0160713985857881	-0.0121973489024096	-0.00216334422070503	-0.0220059549689137	0.0302116625286572	-0.0173195433781669	0.0013976065741152	0.00377648759152054	-0.0240171065228576	-0.0157425031829514	-0.0196699094245122	-0.0113930560698644	-0.0202314666642976	0.0166528810454676	-0.0171932719516371	0.00729611055287078	0.0248239582888847	-0.0180849350179069	-0.0199962846939753	0.00947721346951714	-0.0176686831253272	-0.0338156909352815	-0.0275183169748423	0.0359992062316198	0.0403795436873954	-0.0197529123956484	-0.0192254083793138	0.0297729349281058	-0.0246300794671413	0.014324248387998	-0.0312536341232806	0.0277186299392961	-0.0184909436745665	0.0137030569262278	0.00860250948024256	-0.0215662795647622	-0.00902799923205055	0.0308919529734342	-0.0156234663180157	-0.0215675160480951	-0.0286257098305649	0.0529102663782661	0.039530250302824	0.0397616426369459	0.000392606298666635	0.0452253954745376	-0.0194371727310506	-0.0067205861076487	-0.014338305390098	-0.00459407185678974	-0.0163030586043926	-0.00226904744930999	-0.0229373092264213	0.0332267165853981	-0.017482249624563	0.0401984623453656	0.0316603668477324	0.036685506135446	-0.0309686536071022	-0.00264988900234442	-0.0225936535979385	0.054234478109143	-0.0249024045982788	0.0518029850655336	0.00226193881300153	-0.0139994687147591	-0.0191099769361578	-0.00939127405871679	0.0496290676373435	-0.0171594483989456	0.0445588521344592	-0.00866926673334776	0.0378734167411797	-0.017452051500741	-0.0112560503984024	0.00366024970211796	0.0348660523225806	0.00846000390719426	-0.0092493947779341	0.0153151370578105	0.051343858482727	0.0392777691591625	-0.018156088363514	-0.00872528055402323	-0.00815651208800895	0.0562481237287414	-0.0125518621702678	-0.00194615294920938	-0.0261613477094405	-0.00442758257797945
ND	0.00528263561069875	0.000190280111808377	-0.0050242224219065	0.0320555624099058	0.0122295717066569	0.0576712057022029	-0.012693322562226	0.00338563701874473	0.0103508884359678	-0.0124906271753277	0.00467448268289432	0.00707656858988023	-0.0102366489200269	0.0338543488102256	-0.00861658977544673	0.00932578796815042	0.0109971519634113	-0.00890141907633703	-0.00732927466503748	-0.0057892126812084	-0.0055182893097739	-0.015580906107147	0.0292145166551928	-0.00897202834412431	0.0160204893577933	0.0275003016620214	-0.00522898472180728	-0.00753697724239172	0.0184408717161086	-0.0041620578161567	-0.0305056044028239	-0.0139380920260531	0.0340199190630406	0.0404042565932475	-0.00537658151080328	-0.00641539989116318	0.0269185088193508	-0.0134303456430701	0.0187870975145093	-0.0227013642959014	0.0244835227075695	-0.0073616202320236	0.0230529700473572	0.0190602120499974	-0.00890127865586991	0.000907495384551681	0.0293886682234672	-0.00471708499684112	-0.0105601314593873	-0.0151118210549381	0.0545626226904188	0.0432440550962237	0.0426673562500753	0.0101372789586497	0.0455495221734616	-0.00770796369795855	0.00785678520639537	-0.00468673853821104	0.00285551940201721	-0.0032680457993907	0.0104700048879483	-0.00838240417063314	0.0363481848830893	-0.000318993269349036	0.0376151208440917	0.0282087531132112	0.0400346893266905	-0.0161880556886301	0.0125654956310759	-0.0101139138170234	0.0580937346904824	-0.0153266279044011	0.0549410845144822	0.00699951840015851	-0.00250445094452676	-0.00127211542723551	0.00378751775917503	0.0520546717756481	-0.0126370199084027	0.04423127198184	0.00167164923986735	0.0422272821804175	-0.00822230788000412	-0.00381194658807732	0.00846897393531927	0.032720761394087	0.0164926625445294	0.00053428762371801	0.0197935758795979	0.0504267837956692	0.036635332524604	-0.00667078802470315	0.00120028070850521	0.00818509467783783	0.0588175595018053	-0.00118473820715566	0.0114213448677882	-0.0149503772102952	0.00672980856244452
OH	0.00510953556478431	-0.0020032299110927	-0.00615639029102623	0.0297891580870177	0.0116465823728747	0.0585068839374961	-0.0106969018787833	0.00521171602262854	0.0109813688377049	-0.0150485695473734	0.00130333838174388	0.00512116599498432	-0.0106034515408434	0.0349165356457224	-0.011019405581417	0.00800608752129087	0.00982350834509092	-0.0138961119410156	-0.0110917373948978	-0.00676961417247704	-0.00694138517008297	-0.0175138210452851	0.0294547443510138	-0.0104805188839942	0.0194171922868389	0.0296265512607982	-0.00554720393388202	-0.0107640337810026	0.0179816860712034	-0.00318027292130161	-0.0341776548318115	-0.0137364247052764	0.0344720820515643	0.0414128440849212	-0.00869929998393023	-0.00917494606518992	0.0276860810848667	-0.014104185730734	0.0166504447544942	-0.0220547354999993	0.0273316716996	-0.00993937873804632	0.0246692349493975	0.0180638038813581	-0.011956172825618	-4.39674331878764e-05	0.031180131425173	-0.00295612643771465	-0.0122478230749277	-0.0174502445689259	0.0561819317264637	0.0446560442568232	0.0399680563546277	0.0117952391719839	0.047685582542607	-0.00822537129375188	0.00711412886229955	-0.00596588693147748	0.00596723053281098	-0.00479588400614905	0.00942924009609606	-0.0116004661265728	0.0401709932821147	-0.00347143513163954	0.0453688407925641	0.0299315124204202	0.0417510625471046	-0.0192388814740191	0.0105407184841167	-0.0106492353966556	0.0596038718265922	-0.0177331244942798	0.0561869213180924	0.00829889299029008	0.000136482145286724	-0.0052420997504717	0.00293654050086225	0.0542218228179903	-0.0138726277327887	0.0440010071572159	0.00231062703120719	0.0458214881360421	-0.00715835693653995	-0.00487375429625256	0.0102549716235401	0.035471636387622	0.0171704884225768	0.00106342609048014	0.0209156182884385	0.0541689174023674	0.0408142503113633	-0.00916671059338985	0.00200132579215367	0.00498548650879682	0.0605758670982106	-0.00506103400105129	0.00630181473385268	-0.0166433460906521	0.00605150477610404
OK	0.00290328514449803	-0.00341891662575596	-0.00843883490353979	0.0315693528413587	0.0101774453470024	0.0595744047183396	-0.0122332349175682	0.00181689239707841	0.0141487242873511	-0.0160522399470595	-0.00125237170638063	0.00463711840155815	-0.0124932353613991	0.0365378833862068	-0.0110409465027037	0.00784850217445984	0.00824842257784032	-0.0142164724228568	-0.00748749107046794	-0.0099139474057174	-0.00371523545842592	-0.0171172334037108	0.0281980392206538	-0.0113507905056184	0.0156430477854912	0.0300412351801926	-0.00545600854225079	-0.0130335096363503	0.0181500861954713	-0.00714456923176476	-0.0349414676038126	-0.0161157859486318	0.0371055589599537	0.0425204361877959	-0.0119365085190086	-0.0098167108935639	0.0291800701636432	-0.0151889590594373	0.020200942625213	-0.0246226138647747	0.0283285655868735	-0.0131596070116631	0.024405212197988	0.0151895437558627	-0.013199720154148	0.000729489282630958	0.0300879671485312	-0.0075485276644151	-0.0116387727176457	-0.0188197296056928	0.0581236074857477	0.0456779732024566	0.0429425729698287	0.0113816486461163	0.0508287656264031	-0.00933437222129926	0.00554060201022029	-0.00640563455453543	0.00303282997422339	-0.00290221048146435	0.00820024851634828	-0.0130968308836396	0.0382130482025722	-0.00343901484772529	0.0441574620708646	0.0302663021976091	0.0452754337519431	-0.0222807188076931	0.00747231849343758	-0.0119285701269928	0.0615499722141852	-0.0162340640607405	0.0571414718545581	0.00765677139581046	-0.00601711418583635	-0.00494806533355171	0.00155005943813723	0.0548224508409732	-0.0155630518033367	0.0489343237794287	-0.000123595106373824	0.04652270771293	-0.0106610802149875	-0.00510802282831592	0.0112834700207524	0.0364643638860867	0.0153158982627241	0.000946320421513775	0.0189534288635893	0.0543393047075738	0.0411942975387046	-0.00852476387718832	0.00017317068569379	0.0012252366640739	0.0606472511631508	-0.0065747730235026	0.00906774194740673	-0.0180383318055597	0.00531078264868347
OR	-0.0058913734526368	-0.0178300394808524	-0.018632782663856	0.0293687246010387	-0.00381830077498479	0.0469936187043371	-0.0233817129961575	-0.00929345810237634	0.00346442857303007	-0.0128748555714168	-0.0145201350442329	-0.00435114783410274	-0.0242426737418971	0.0233388402555805	-0.0184072069798805	-0.00593170213154199	-0.00446985968536275	-0.0240633090152082	-0.0173030612813625	-0.0213601401366917	-0.0161484152902885	-0.0214333737041794	0.0100550459567496	-0.0239987261618753	0.00078573418393338	0.0205253788686369	-0.0186279971756323	-0.0213935506259748	0.0055552785503483	-0.01799326525111	-0.0327659709590477	-0.0266614411122681	0.0312421594527093	0.0347564912357037	-0.022594455782432	-0.0235673182587422	0.0263144951857063	-0.0271381770083926	0.00774448224656855	-0.0299572552112169	0.0257597406924616	-0.0216002378534781	0.00744050734849061	0.00418217643522915	-0.0242291606906679	-0.0121980039425591	0.0295185155924777	-0.0177746538076659	-0.021711959893227	-0.0300857841683924	0.0460590690556175	0.0315758588660896	0.0283319339947691	-0.00376729354674142	0.0342311466730268	-0.0221202628565908	-0.00996575769878006	-0.0165148103105156	-0.00798991862608442	-0.0182335211064507	-0.00506495752334468	-0.023688146696031	0.0253855581187055	-0.0194297667886852	0.0345970709028338	0.0271052430786161	0.0342091482934874	-0.0311403633142174	-0.00578249149311709	-0.0205293189851091	0.0467922773176111	-0.0271463534230377	0.0463741276504265	0.000966109340690381	-0.0185311177342861	-0.0199755299195529	-0.0122192316271185	0.0437180014096638	-0.0185535464774279	0.0381603977449266	-0.0127365519862471	0.0329582751455956	-0.0204899318741124	-0.0128701757701043	-0.00313727445660758	0.0274074174508248	0.00805995190894943	-0.0130485490534122	0.00635544174794726	0.0435121726265926	0.0342019373462639	-0.0200302979422688	-0.0119182251916506	-0.0105682555972019	0.0503991003756527	-0.0163903462237312	-0.00709982183151355	-0.0245201470498617	-0.00764485775299873
PA	-0.0111850569510763	-0.0219446115998543	-0.024773272125178	0.0300127154633784	-0.00842361534265068	0.0472080356442787	-0.0289017634333395	-0.0111829981152959	0.000155698092953049	-0.0147652165233109	-0.0215500438070135	-0.00461625246712365	-0.0293753128523547	0.0251175781045054	-0.0213636662267624	-0.00621623095638438	-0.00858697633552229	-0.0301456156643892	-0.0207910827191096	-0.0286920613348347	-0.019330903783616	-0.0239414110998788	0.00639876779450069	-0.0277183737572861	-0.000718698687424247	0.0201950680982938	-0.0252276645713638	-0.0282668504765759	0.0034876332350599	-0.0232462739068045	-0.0344596940522802	-0.0318485078608215	0.0315800237211353	0.0350125813870048	-0.0263523856532221	-0.025739533383797	0.0268690864562454	-0.0315518969430884	0.00554669888553027	-0.0367623861327634	0.0247079877819962	-0.0258353450207607	0.00440263113010245	0.000613810086402396	-0.02909926183159	-0.0187657624253827	0.0257319836598157	-0.0216454701190424	-0.0267100746404634	-0.0350190937726265	0.0460880876572194	0.0355369816915692	0.0332203953544092	-0.00587532558178465	0.0356620990500313	-0.0256635486475823	-0.0127716399190806	-0.0185607821583307	-0.0114191928257944	-0.0220821449270491	-0.00921288408694385	-0.0265215854848088	0.0243589456600868	-0.0242983460376403	0.0335781695620857	0.0262944548663876	0.0324030069613947	-0.0373715609715555	-0.00822469584629676	-0.0241965150235432	0.0445435040889683	-0.0301502153819873	0.0457106184974798	0.000169858847394264	-0.0188207715685016	-0.0280175778578805	-0.0160535671375656	0.0446844941282977	-0.0207775441816841	0.0361961655936033	-0.0142370687217288	0.0326463313624709	-0.0239082089945037	-0.0140847389484882	-0.00312203180981992	0.0274728413069588	0.00438273583923527	-0.0138693392497387	0.00420498037368804	0.0454000898018445	0.0346797593180408	-0.0241374287399271	-0.0158950881656965	-0.016266976552727	0.0492122185805422	-0.0213242723776128	-0.0115071748497352	-0.0296698877597342	-0.0120811884076843
SC	0.0024524359814473	-0.0064429439245805	-0.010018496366599	0.0325214546247977	0.00804304876820261	0.0594210944528143	-0.0149574853963204	0.00242011279798066	0.013003448792493	-0.0149076620914976	-0.00449575549669869	0.00435606884793013	-0.0140957478544348	0.0354360407592775	-0.0136372710604813	0.00811822780656362	0.0067158568179931	-0.0180090052362649	-0.0131621926879089	-0.0110087969148824	-0.00846367585506033	-0.0199593177026256	0.0273381386470514	-0.0176084305567295	0.0139392954143226	0.0293482464789039	-0.0105325903528465	-0.0151087279532863	0.0155448986161771	-0.00910363621404502	-0.0362123659869603	-0.0207043028358291	0.0352219231129723	0.043002686348682	-0.0128769992812877	-0.0142577172353185	0.0295607947868035	-0.019582552147457	0.0233145510586693	-0.0280531882252479	0.0277092507970509	-0.0129931376443874	0.0188822590213936	0.0147291906718966	-0.0161749210760724	-0.00335467197472822	0.0305401775661665	-0.0087538006130221	-0.0124663269842086	-0.0238921176502244	0.0561607431882044	0.0436809242690426	0.0418902459496925	0.00647939170084455	0.050137747389457	-0.0150394332615704	0.00380238252526363	-0.00553935546742503	-0.00132823474302856	-0.00699433058247073	0.00590239422116053	-0.012240803661151	0.0407110476631237	-0.00850804423152889	0.0440929776746408	0.0312631292533549	0.0435372432449399	-0.0230933521725639	0.00819941277371482	-0.0165053425912252	0.059424656488858	-0.0207070518971739	0.0569839625180661	0.00948690986005785	-0.00572354473620281	-0.0108622008090142	-0.00300837312687337	0.0532032018140661	-0.018479948817425	0.0478257477764713	-0.000760223521914307	0.0481639449877157	-0.0143590767665773	-0.00630223332386994	0.00932999881964145	0.0369728548428424	0.016387624487465	-0.00150458941517253	0.017433770050825	0.0544799319586529	0.0408677348885149	-0.0106448273848785	-0.00144773762374663	-0.000425050633592635	0.061374653079789	-0.00834159923955402	0.00155799615116675	-0.0173536669226101	0.00340486455044155
SD	-0.00170554929163212	-0.0119855581712076	-0.0145355763468693	0.0282194498678789	0.00195464811482813	0.0538969883809923	-0.0194685284548275	-0.00408609603296038	0.00862422642687299	-0.0140351571685756	-0.00821864604938717	-0.000954220382073755	-0.0178956945974967	0.0287559048087553	-0.017571331539423	0.00207303656564392	-0.00031469189101013	-0.0194329947848432	-0.0134723027940179	-0.0146472897245966	-0.012182237052811	-0.0202056019562957	0.0183427372840774	-0.0175067046092668	0.00915203903288264	0.0249679683561992	-0.0142059529213162	-0.0152904808218251	0.0114871582528852	-0.0132876846944263	-0.0329321089359245	-0.0199928623143133	0.0346025866998844	0.0366288826848505	-0.0165241288410593	-0.0158313199154319	0.0279031120805763	-0.0222297484012604	0.0136634495734974	-0.0268503499945672	0.0253033392413184	-0.0164353781405327	0.0149447686070423	0.0104241040496767	-0.0182688825988588	-0.00642772530364337	0.028972528442232	-0.0155326141185156	-0.0178285014071608	-0.0252006437475852	0.0500140154035951	0.0412236415862577	0.0376259174049568	0.00628023052507824	0.0430851742590275	-0.0194575925849509	-0.00124210576744866	-0.0101543104217536	-0.00351192913022063	-0.0127720382099681	0.000841256165312642	-0.0185506594003014	0.0328037243251933	-0.0133905354008227	0.041255794281182	0.0292259481621194	0.0353312669727229	-0.0257163509029793	0.00122201246238726	-0.0175221899119962	0.0512081797152849	-0.0224032712528028	0.0506332891989838	0.0036089575868551	-0.00913920434492663	-0.0148549352508719	-0.00435937223673405	0.0474109496305287	-0.0170592083371402	0.0442935192953527	-0.00661855124956128	0.0379817799740021	-0.0134447953992509	-0.0106778888892465	0.00199990363886612	0.0309746991962485	0.00915070240186776	-0.00811812605948765	0.0117849894259697	0.0505015139440001	0.0372227594263855	-0.0148543766755015	-0.00779249729159367	-0.0062119908448964	0.0546865428870085	-0.0111642181911011	0.000438021487777313	-0.0218628959787595	-0.000494230022864302
TN	-0.00842823389623326	-0.0234737814538689	-0.023919537049859	0.0293810467136773	-0.0103371618869025	0.0516658512822788	-0.0288333402430995	-0.0109457071281981	-0.000178387485183544	-0.0198232578034155	-0.0232781233178845	-0.00888983122953296	-0.029874553633188	0.0253740195722217	-0.022596715818354	-0.00575902007243714	-0.00558986362647794	-0.0307775522981838	-0.0213519826832936	-0.0289201679022076	-0.0188088453542443	-0.0279680075060354	0.00792145904944785	-0.0276397811135821	0.000145594415401485	0.0208920664056028	-0.0261140232693639	-0.0281438148246377	0.00288381229671041	-0.0241305094358933	-0.0363105790042426	-0.0335935453432015	0.0356046495960294	0.0366643899329757	-0.0293302539032054	-0.0271259921506133	0.0303087545240509	-0.0326433662547967	0.00666080602577846	-0.0382030133041358	0.0281899283969357	-0.0250637333408251	0.00523127571590295	0.000327758109759874	-0.0308948968504521	-0.0163605473836175	0.0294146982003743	-0.024050252477727	-0.0281100194006897	-0.0350777220295521	0.0483219783270342	0.03220623322809	0.0318312216919955	-0.0057943974104952	0.0362600185991963	-0.0259454324089591	-0.0154612083251818	-0.0200471494646531	-0.0142594540703142	-0.0236679506447205	-0.0105607497404024	-0.0292917398494996	0.0295780198691143	-0.0255004593651159	0.039783727584767	0.0273900025832093	0.02901403572216	-0.0396811077670619	-0.0122174231511368	-0.0279814270474912	0.0477590535105566	-0.0287670276607499	0.0480590584705799	-0.00181572949312267	-0.022180121726723	-0.0315483346174993	-0.0172324448010564	0.0463372642000997	-0.0228729300950203	0.0385338260038609	-0.0140976591525106	0.0335170104761924	-0.0246083041970829	-0.015278613780504	-0.000927193464547627	0.025469381863403	0.00610912929112133	-0.0169216563998598	0.00499659621215739	0.0468187681144461	0.0371794441780608	-0.0246914310757918	-0.0176097730294792	-0.0200115667111818	0.0501252982427467	-0.0218454443825823	-0.012547116650573	-0.0259092836548314	-0.0121409726851137
TX	0.0062032629320782	0.0011438973663569	-0.00539016995116471	0.0309711625552796	0.015129996196095	0.0609360864999864	-0.0123234661882993	0.00423196841984996	0.0133666311636528	-0.0203861305061623	0.000184486536936969	0.00892343951461805	-0.0108219542123264	0.0407052033242355	-0.00960757742931693	0.0109771485115222	0.0132985942304296	-0.0131039096373521	-0.00943391000368795	-0.0100828614386714	-0.00730780309924109	-0.0156111891096658	0.0316195500548191	-0.0094402878650303	0.0190264957257697	0.0349400009814001	-0.00485010347418677	-0.0108886546866337	0.0197405522430817	-0.0052465204917002	-0.0353923187999113	-0.0159616499921553	0.038724006804254	0.0443995179369174	-0.0102495637458262	-0.00702135964931022	0.0305958496869218	-0.0167110740568872	0.0222594110035582	-0.023157657484925	0.0263593794875811	-0.00846746125998235	0.0230626051751236	0.0183576993575016	-0.011655796927671	0.0027491969042627	0.0331178774947548	-0.00454813540649345	-0.01215890458244	-0.0186328790416761	0.0608891650150007	0.0486805460203701	0.0469577878663848	0.01039165057209	0.0516348748435407	-0.0100787871610942	0.00780170086270413	-0.00467746459085788	0.00657199700641977	-0.00567650240270946	0.0126467227728783	-0.00918542565867274	0.0431941874722551	-0.00153442609491228	0.0447781528799589	0.0333394848496038	0.0444911176625271	-0.0205136687321406	0.0106193821799208	-0.0113884761072654	0.0643502026651496	-0.0185451230660557	0.0614456510989739	0.00915909865957274	-0.00192236469208062	-0.00403456424608957	0.00423341004989127	0.0570123023284592	-0.0146295263549346	0.049899837878453	0.00180322951704189	0.0499700597894535	-0.0120104173986898	-0.00346934363002858	0.0112475856520254	0.0384740899534594	0.0211403991021913	0.00148035237084559	0.0204837143102254	0.0581433393761068	0.0427749561670166	-0.00499391007928355	0.00322033832847462	0.00300772681953454	0.0643661941057164	-0.00483733328071187	0.0104738727689836	-0.0149641905456539	0.00640808436932129
UT	0.00441269884048616	-0.00458695394619207	-0.00893271795154171	0.0300484932092387	0.00875954786777139	0.0554396233969584	-0.0136719442418994	0.00246855450935792	0.0121286271537506	-0.0120262516723545	-0.000193260893948708	0.00440670159668295	-0.0135150277997963	0.0320828518116136	-0.0123669185569513	0.00905101688082218	0.0105280202087088	-0.0143576276296546	-0.00884661448340669	-0.010710702632406	-0.00828689869052884	-0.0164079622181339	0.0275934437480528	-0.0133228566555206	0.0169725826646213	0.0277504197594389	-0.00969339476225435	-0.0124312925586537	0.0133823242973073	-0.0081490038727807	-0.0342092477084877	-0.0181650092959194	0.0350449564744576	0.0421757411215011	-0.0135359389199758	-0.0105693583402929	0.0287058725279449	-0.0154416813246609	0.0199022117304562	-0.024623967205621	0.0277783416964604	-0.0113349635903791	0.0215721039594956	0.0162768430835044	-0.0124560530118303	-0.00127063253376905	0.0299543413602775	-0.00826461245188353	-0.0141214686356669	-0.02020388678556	0.0558056859577459	0.0452017462225899	0.0422434675503556	0.00929610409892151	0.0465586999820664	-0.0137907625789144	0.00429332364415259	-0.00564284987812646	0.00411334361724476	-0.00774227036911338	0.00524483136941682	-0.0128235719905249	0.0387228222873333	-0.0056374432611704	0.0404079990316972	0.030233044817806	0.0377861509715047	-0.0221935553758507	0.00897352351063416	-0.013148200476059	0.058197931100271	-0.0181179427296701	0.0567503629488466	0.0067355775902098	-0.00757390798609568	-0.00663695633257285	0.000892620811488998	0.0531572863797783	-0.0150714528890752	0.0452314737880641	-0.00270182402575467	0.0409373889930118	-0.0119129759592105	-0.00611988208729494	0.00667663116989206	0.0347931296618307	0.0145675203696956	-0.00247653489837308	0.0158076948837683	0.0537177169747946	0.0411856050411091	-0.00865239191287259	-0.00186744772217895	0.00163221614474041	0.0572815087942342	-0.00558687062419637	0.00481718928350924	-0.0162992436487439	0.00300400821927505
VA	-0.00912124292847505	-0.0199954804056102	-0.0220243186640545	0.0279725649754165	-0.00500935619070279	0.0504160747154467	-0.0270550792346034	-0.00972327643033086	0.00250380396448896	-0.0159387529069377	-0.0207584814727005	-0.00566387299618648	-0.0269584221779633	0.0266732493812353	-0.0196774526623748	-0.00458570328490149	-0.00403679967106475	-0.0291635244002453	-0.0211680839502881	-0.0258821215135297	-0.0182903316509085	-0.0242418268078887	0.0100668177454431	-0.0266805746297288	0.000181818509326709	0.020056847063559	-0.02449337576031	-0.0286683536537825	0.00493919683127194	-0.0202162483230924	-0.0360877637261269	-0.0311128144307527	0.035073785570757	0.036065242860866	-0.025422674673212	-0.0249258311550483	0.0289311034331852	-0.030412237347732	0.0123520625296397	-0.035495046510786	0.0268458164529863	-0.0257916760613305	0.00960731135567019	0.000568805065405747	-0.0277774345528703	-0.0149243389894592	0.032167080038044	-0.0238174120617919	-0.0239148259181116	-0.0343825244831867	0.0489911779678333	0.0363086497960638	0.0334956596037421	-0.00541982206054354	0.037357094815493	-0.0237886954048685	-0.0107000260259384	-0.0188447453184525	-0.00743442234793969	-0.0224702940760536	-0.00651102379596946	-0.0269488410891712	0.0281962043502324	-0.0215119465167457	0.0375657582179871	0.0281944158994291	0.0332699356450468	-0.0359734395051536	-0.00813110193234652	-0.0233665266278535	0.0474131294441545	-0.0311575274195366	0.047128805757395	0.00299693293727384	-0.0205866758201765	-0.0265113593678424	-0.01344714423441	0.0475198859954213	-0.0195791256805239	0.039523073170547	-0.0132442745480115	0.0337571617829748	-0.0261193588484509	-0.0171221694646887	-0.000906148038021902	0.0302480080455231	0.00477625969872434	-0.0163982117102358	0.00612487972092635	0.0468387479995174	0.0356516153902542	-0.0222471686415944	-0.0155772373224736	-0.0155514996554005	0.0517178478611927	-0.0188947960838487	-0.00923032686535081	-0.0283617543734105	-0.0105415490157222
WA	-0.00942191248708902	-0.0194755949482945	-0.021172234854718	0.0281541551071452	-0.00720104767275391	0.0441537557788463	-0.0252403678269864	-0.0110304217355002	0.00155306091020592	-0.0145281238714055	-0.0177887250544611	-0.00680970192573288	-0.0245753325938153	0.0247710074613723	-0.01996235944768	-0.00500133268142957	-0.00736141696228979	-0.0264467751085025	-0.020054166179422	-0.0244211770577667	-0.0180665037973802	-0.0216068199528475	0.00863028885322358	-0.0251624116410607	0.000889700221771809	0.0156119619389204	-0.0236594162095709	-0.0247242703532434	0.00390588578108221	-0.0207935237780591	-0.0311503768095657	-0.0302456608550697	0.0339046605100767	0.032663517169047	-0.0239003750476502	-0.0236705244004427	0.0250293135399393	-0.0280456496038234	0.00815676683939143	-0.0313915127955204	0.0250319774925148	-0.02243268506454	0.00577346340717883	-0.000774916018973482	-0.025131215535735	-0.0163731714108539	0.0275749514592724	-0.0199394634287483	-0.0242119354445381	-0.0308541870221751	0.0407665630343458	0.0298568145959486	0.0336324722846722	-0.00467050422434214	0.0322157013090018	-0.0233817103849272	-0.0120612992730536	-0.0168428314315339	-0.0120481374802439	-0.020052848336564	-0.00673170122347425	-0.0241063326363971	0.0229733000089153	-0.0213767188364607	0.0332988248082011	0.0274938306991725	0.0301188490230904	-0.0332655196758397	-0.00783664088060692	-0.0253356664517342	0.0426551273442613	-0.0278023594916632	0.0428926890678691	8.38712090807303e-05	-0.0204172070047079	-0.023541095944833	-0.013825496340486	0.0418545785876706	-0.0197591883439412	0.0376913895102821	-0.0130152836738202	0.0264907153322288	-0.0204776331337976	-0.0136572979054682	-0.00297712946639056	0.0251650746152116	0.00250293162619807	-0.0147084631419216	0.0025599430668036	0.0418180949732598	0.0334152442338552	-0.0225753952009014	-0.0146172827712433	-0.0147316227523109	0.0448804920366656	-0.0181643454087707	-0.00973209934792621	-0.0277860453394506	-0.0119977625843937
WV	-0.00331787817410907	-0.0138645735473541	-0.0130487347177039	0.0280559257898205	0.00182749558095065	0.0550716202859668	-0.0178889130165836	-0.00532611137906607	0.00905827880932949	-0.0189792229715501	-0.007350383978015	0.00163206675621957	-0.0183607642149058	0.0309680851947893	-0.0157610984900536	0.00308479287750944	0.000289510137017573	-0.0195035947738166	-0.0147164882719647	-0.0170804784532785	-0.0116923741353646	-0.0224808799710826	0.0175051201052769	-0.0187244022016944	0.00798213165843523	0.0251507765492806	-0.014317727645298	-0.0175877560467169	0.0138125145317442	-0.0116443797057289	-0.0332916780695709	-0.0243639513548143	0.0354187279812525	0.0379823018563082	-0.0171058393043174	-0.0141952726816538	0.0269606613194759	-0.0212270729219526	0.0144427127121715	-0.029134097725221	0.0264970408653137	-0.0165278732113653	0.0133563539063025	0.0074414395139383	-0.0192121890893496	-0.00621893903196791	0.0290974801500604	-0.0139930910372843	-0.0189517170694411	-0.0253038175820183	0.0533380158166866	0.0398526701166421	0.0387690159993079	0.00187650728892312	0.043936000954819	-0.0165689810842229	0.000516320510775508	-0.0095917380204374	-0.00234917128063967	-0.0127911613154937	0.00252344684850484	-0.0177886033055823	0.0340024212004956	-0.0121788074157982	0.0408816613885665	0.0291795179037745	0.0383698217300292	-0.0256406151779533	-0.000598848528508096	-0.0159891911661775	0.0544012779438956	-0.0226523735826064	0.0516796163532242	0.00751202836289252	-0.00987328722227144	-0.0152499126709807	-0.0058899041358685	0.0501659147577427	-0.0163310287945845	0.0420092102975548	-0.00724598489824777	0.0397756323738953	-0.0163043556101953	-0.00786215094702407	0.00383127095916788	0.0332967724923487	0.0137345762293171	-0.00408329347945221	0.0147318685543157	0.049205625003898	0.0385403453965738	-0.0146278413816077	-0.0069544478861314	-0.00444370703915524	0.0571278787845721	-0.0117002893467658	-0.00247152116101525	-0.0214641169535506	0.00147980142055172
WI	-0.0196135279038363	-0.0338506174239027	-0.0323238441734145	0.0276977423159741	-0.0202734002349222	0.0400897657685355	-0.0359425233758327	-0.0196557171768752	-0.00726954413708435	-0.0168648197629328	-0.0334888328430522	-0.0162162451071913	-0.0367755817313544	0.0157216232114148	-0.0274130252181231	-0.0136897656239619	-0.0165824671403394	-0.0378206012206969	-0.0269062323702087	-0.0383520824850979	-0.0262021073164836	-0.0280806988496115	-0.00763135078770815	-0.0353722646428533	-0.01035546226395	0.0120373473840481	-0.0340366140960868	-0.0370586705469201	-0.00422410393144111	-0.0332735059928919	-0.0346141546245341	-0.0405275762542355	0.0295360926990232	0.0269097935235731	-0.0360778711519447	-0.0347894737651392	0.0263734685661828	-0.0393152054877714	-0.00293983762173651	-0.0418172581005462	0.023163632959579	-0.0324381136042557	-0.00657471658599146	-0.0109891510291431	-0.0380624529777553	-0.027586297191937	0.0279326264048322	-0.0319783262796067	-0.0321867768615789	-0.0420887510042799	0.038046089275209	0.0245888299430561	0.024777422075625	-0.0157578461633611	0.0254325982222622	-0.0353244597933611	-0.0240043789682169	-0.0257650591356332	-0.0211346250476078	-0.0329741290833552	-0.0201370840459257	-0.0364765055533602	0.0165521416385158	-0.0351976659677778	0.0300315450013726	0.0257463251853081	0.0246242077657909	-0.04501539127092	-0.0197892655653276	-0.03274901835386	0.0350533732405401	-0.0381343570470215	0.0351149464330818	-0.0067618184926368	-0.0326684824473266	-0.0387450518791424	-0.0266138446551601	0.0366315331012533	-0.024913377998387	0.0324963468774897	-0.02485527484057	0.0224115357038711	-0.0336371534693144	-0.0227846816975655	-0.0102909932196185	0.0246887331648296	-0.00237341368149894	-0.0244527807675348	-0.00480288090257594	0.0352362317020768	0.0311374808833325	-0.0333521606381251	-0.0265910692178054	-0.0284980751406454	0.0415268272237425	-0.0287581110437119	-0.0224621129800178	-0.0360511358544523	-0.0234822523332464
ALL	-0.00796869797068681	-0.0193772235184751	-0.0202508338384233	0.0283476351741288	-0.00507210225081325	0.048292827163422	-0.0247506762944188	-0.00871100564754257	0.00220768348102394	-0.0167927413214964	-0.0182377060935854	-0.00494990188911269	-0.0252063244911051	0.0260736529123325	-0.0191793341325159	-0.00393109464642754	-0.00470001469519911	-0.0272090647238394	-0.0190574967338278	-0.024402681468751	-0.0170664193543775	-0.0227805529715742	0.00968660811334749	-0.0243692046176563	0.00219286450636073	0.0218556744200225	-0.0219630483290614	-0.0248900949909247	0.00524592533682717	-0.0200893159381686	-0.0343884262947459	-0.0290918156946994	0.0330238615861269	0.0349782062485929	-0.0238081672060371	-0.0228826269197508	0.0270417981777003	-0.0285836861163291	0.0084641625854461	-0.033358437309897	0.0254047892707203	-0.0226095562075028	0.00746824840450076	0.00188538974526922	-0.0258969043509739	-0.0140616777186175	0.0289884352325935	-0.0195531812806968	-0.023813649107262	-0.0318511694987716	0.0468243723569928	0.0341428495387468	0.0331635854736329	-0.00385247015475051	0.0372481470644813	-0.0232545685256139	-0.0101094280105792	-0.0159255272707464	-0.00889258073779986	-0.0199510095077655	-0.00637940860726996	-0.0244218573603151	0.0275276290735032	-0.0209032778167588	0.0365851770868785	0.0276536892416168	0.0322315429972497	-0.0343057130758333	-0.00656484335593011	-0.022842640528295	0.0467601331239981	-0.0278562726995657	0.0464454055177155	0.00132833036577008	-0.0182010025181183	-0.024551369693221	-0.0123409151933364	0.0456754199794819	-0.0190780770984902	0.0386674233554539	-0.0121151994056596	0.0337074087110128	-0.0223753838363564	-0.013686025544801	-0.000321393500597368	0.0296094285031534	0.00643499594503377	-0.0130962592869342	0.00644699893350707	0.0454205777574013	0.0360190736854227	-0.0201763105332643	-0.0140939330589889	-0.0147019182838196	0.0499626274719681	-0.0172493675340973	-0.00833140617693022	-0.0267246385822886	-0.00945995349667722
