V1	V2	V3	V4	V5	V6	V7	V8	V9	V10	V11
2795302.61093118	2804976.92644271	2807355.18345939	2802650.4242765	2797597.09179653	2798968.37309239	2796717.06166187	2801096.4173919	2799765.56610544	2806032.44899857	2801028.94579674
2915667.90084788	2925557.57466285	2928058.1244258	2923335.93454622	2918051.71144527	2919591.26904218	2917281.99361982	2921640.25464146	2920410.00513309	2926744.01762533	2921378.96021123
3039211.37442548	3049308.38465034	3051929.33563944	3047200.55029121	3041692.79971204	3043400.88660428	3041034.76453905	3045355.41178747	3044240.2501849	3050629.3739767	3044889.26290143
3165825.26895973	3176121.34751297	3178866.45346792	3174141.84700777	3168405.86252676	3170294.33903772	3167870.99004138	3172137.85890636	3171150.38181765	3177588.62863753	3171463.08653286
3295391.63073341	3305873.22615707	3308734.72303683	3304035.29873354	3298068.85886594	3300141.08968385	3297664.47100985	3301867.04305194	3301018.09763645	3307481.02634479	3300967.81908539
3427764.41033246	3438414.05379533	3441390.73703184	3436733.73614188	3430535.2362283	3432798.05592321	3430272.31132677	3434396.11601106	3433695.64559356	3440171.27836751	3433263.26869594
3562773.59262204	3573576.22226117	3576671.03721479	3572069.88212541	3565640.31151079	3568097.36271632	3565528.88833334	3569559.5975947	3569011.06429268	3575486.10732491	3568179.09881333
3700230.16364781	3711166.57133927	3714376.43395742	3709854.42375468	3703192.03024758	3705853.00512836	3703242.46486391	3707161.02853757	3706773.05526602	3713236.33114436	3705529.66851739
3839924.56675675	3850975.5956434	3854293.19052717	3849867.7120658	3842980.61685059	3845841.79167896	3843198.84946494	3846991.19837097	3846770.47689468	3853205.25575982	3845098.40778627
3981617.58202365	3992754.09146511	3996188.06608763	3991875.26304935	3984771.83392237	3987833.57651008	3985160.06055304	3988802.99973473	3988763.38277117	3995153.76214187	3986649.78666975
4125054.07677426	4136248.85725675	4139797.72954242	4135615.78713001	4128293.84207239	4131562.63415882	4128863.93026816	4132342.84836079	4132488.78407634	4138818.18889141	4129920.43297951
4269947.58363714	4281168.43734117	4284823.41456668	4280799.33677229	4273263.33490344	4276745.86687651	4274021.18592435	4277324.27215645	4277658.25845499	4283909.47310195	4274634.8813876
4415976.43161306	4427196.46278447	4430955.93620673	4427111.69526905	4419366.49885753	4423064.62540663	4420319.83994593	4423424.42468033	4423953.03062266	4430117.73971969	4420472.43489181
4562812.83656223	4573993.33430391	4577853.45907602	4574214.08489031	4566277.42516766	4570187.97900645	4567422.70825028	4570312.43273759	4571033.58386504	4577101.97451623	4567096.45667157
4710091.057806	4721193.61590291	4725150.35209938	4721750.41426513	4713627.40157828	4717749.99426468	4714967.23485131	4717624.19136911	4718531.19336183	4724490.29428663	4714140.21295654
4857434.75295292	4868408.92379928	4872453.87284288	4869317.03353018	4861023.57906948	4865356.03374513	4862555.46520751	4864963.95153935	4866065.20533005	4871904.40372804	4861233.16229236
5004426.66809749	5015233.42380648	5019357.32627966	5016505.15658659	5008063.77887652	5012600.9785445	5009781.12870969	5011928.63714145	5013215.48188609	5018921.17512652	5007962.30741482
5150631.93123414	5161231.83761756	5165427.4028805	5162890.88289563	5154310.83742911	5159050.35567557	5156222.03033812	5158079.15090089	5159556.01143743	5165119.97567648	5153892.88657241
5295602.87429652	5305951.64478384	5310204.49721636	5308014.87900006	5299311.96796082	5304251.73133611	5301412.60427345	5302965.76736811	5304620.81653096	5310039.52389976	5298566.13864071
5438868.03258677	5448917.64495979	5453214.97692489	5451398.4219356	5442588.82666525	5447723.86511884	5444875.74414789	5446112.76316792	5447936.9525085	5453206.94731424	5441514.19266441
5579932.36303321	5589633.32344232	5593967.43574421	5592549.70134274	5583658.40866575	5588975.01808459	5586127.92298364	5587024.62590915	5589008.34695043	5594121.44098263	5582255.78046203
5718293.53927487	5727587.01302956	5731947.02011896	5730959.58517751	5722009.39068601	5727508.16725022	5724646.92211468	5725196.25946813	5727326.0833562	5732284.89810943	5720275.57913141
5853433.97349069	5862265.48982406	5866641.24332142	5866111.93695812	5857122.41957906	5862792.94115089	5859926.41398257	5860113.11062896	5862368.95654563	5867172.55143181	5855053.80179545
5984820.83276057	5993134.88661812	5997521.96704684	5997468.38650935	5988471.87165959	5994306.48414068	5991424.2773278	5991246.25095858	5993616.28590806	5998251.22398833	5986070.85979471
6111932.88113776	6119673.65559787	6124056.04853933	6124504.29208941	6115534.07715805	6121506.4291639	6118628.25506017	6118058.0257701	6120523.33799723	6125001.05526887	6112794.41817447
6234222.80647566	6241346.09324196	6245704.01615802	6246684.24874412	6237756.14434653	6243865.39767351	6240985.63849918	6240009.63565886	6242559.29415668	6246881.9760704	6234697.12495198
6351171.29510654	6357620.23523604	6361936.20477288	6363472.23369599	6354616.20699248	6360846.5443634	6357969.67270456	6356579.10792001	6359194.10490113	6363358.38120294	6351234.98413722
6462246.34493339	6467965.933642	6472231.36612127	6474339.77735842	6465596.3946111	6471933.08531859	6469054.50799497	6467233.63497491	6469894.18355637	6473918.87577821	6461891.75641458
6566935.99767637	6571880.15383448	6576081.51377436	6578776.80473769	6570169.9908773	6576610.27547624	6573729.16678375	6571475.26911322	6574156.25612277	6578041.26368723	6566158.44638324
6664750.97826093	6668865.33101268	6672996.29739853	6676290.23652644	6667850.52074291	6674374.90496915	6671499.87689545	6668808.80470531	6671486.04168646	6675240.23083513	6663549.07385883
6755211.37834953	6758456.6682907	6762495.94950368	6766407.50503585	6758168.26070844	6764754.29214745	6761881.04571215	6758756.8716099	6761410.02503748	6765038.66495514	6753581.02888142
6837868.19986498	6840207.76936091	6844150.56785683	6848680.33176172	6840668.69446864	6847299.84350401	6844438.38014694	6840870.01107572	6843477.23795087	6846983.1376485	6835813.48732394
6912314.27403286	6913703.01286209	6917539.04569028	6922689.09440902	6914935.89872148	6921596.95971779	6918760.18703654	6914733.39970255	6917281.09725023	6920676.17276986	6909830.90319356
6978173.75430379	6978573.16403744	6982287.05121439	6988062.71839174	6980591.49203757	6987272.47578111	6984452.13324692	6979980.63183629	6982441.34212597	6985736.37399573	6975250.44328265
7035090.18602628	7034481.07185405	7038065.39908042	7044462.69981462	7037299.74370092	7043979.11471091	7041183.71483844	7036272.84893831	7038626.71232082	7041826.55903006	7031747.47922677
7082776.91987601	7081148.62738847	7084587.62165992	7091595.12435878	7084766.00189766	7091432.20942998	7088670.78621791	7083318.17340402	7085551.5061704	7088656.47776068	7079024.91306516
7120987.91392681	7118326.13007626	7121612.37736358	7129218.52134556	7122749.71736543	7129377.06087141	7126663.8716313	7120880.45058053	7122972.00003386	7125991.05145773	7116831.36651434
7149536.84179212	7145821.10069287	7148956.76235572	7157131.22187274	7151047.81718603	7157626.77387998	7154961.77388663	7148762.73799614	7150685.91372247	7153638.19042501	7144974.96819052
7168269.995593	7163496.22789569	7166475.60772819	7175213.58938565	7169522.36542189	7176053.75330468	7173429.17368255	7166827.88159168	7168572.28812892	7171467.13389589	7163321.88973069
7177109.5213995	7171285.20122454	7174090.2705427	7183378.86825116	7178092.39727762	7184554.51251758	7181976.13546133	7174993.61114342	7176547.53019317	7179389.08287851	7171786.87144677
7176020.86968419	7169162.77136627	7171785.06515139	7181597.67071198	7176733.25696895	7183098.81151219	7180588.0700663	7173235.20378429	7174588.14630145	7177370.13158525	7170356.56637687
7165033.10579187	7157154.03886493	7159594.47753867	7169903.41412587	7165473.28579931	7171724.95024745	7169281.75629988	7161593.78845552	7162725.85129169	7165465.45634751	7159035.39694761
7144235.61165778	7135361.87815326	7137612.4065699	7148381.15886336	7144397.85039529	7150523.39390294	7148147.6481795	7140148.15292303	7141062.07753219	7143753.38898305	7137918.32751191
7113760.18220281	7103922.52671777	7105985.28959708	7117178.64494343	7113650.20965544	7119634.42840729	7117332.42771127	7109045.35817043	7109732.37753029	7112380.25973654	7107147.21510438
7073805.75149002	7063036.11438071	7064915.07766947	7076489.30840173	7073416.22108578	7079254.63737622	7077029.44828985	7068479.31871858	7068941.35141845	7071544.35888863	7066926.64142819
7024619.74173753	7012961.83040841	7014657.63559049	7026572.35567208	7023960.67446196	7029632.58079492	7027486.22372067	7018710.5179379	7018940.36535669	7021505.83039107	7017485.5009411
6966479.94077974	6953994.29487638	6955510.90500164	6967732.37911674	6965565.19886107	6971062.42171285	6969009.76499978	6960035.14175265	6960034.11188731	6962566.99777918	6959137.90389343
6899750.54803762	6886482.39878724	6887817.94184739	6900305.76601566	6898577.50454613	6903893.79244784	6901937.29795147	6892786.04172615	6892567.83807214	6895056.93135976	6892221.57052971
6824808.27179729	6810810.46403001	6811959.26107285	6824672.77515661	6823380.52055146	6828504.53776419	6826649.49466013	6817349.08217386	6816921.72338287	6819354.89991222	6817113.8426649
6742058.48166271	6727397.19681835	6728375.04613666	6741258.26355155	6740398.63090894	6745317.71804628	6743558.56905472	6734149.15242313	6733512.8452181	6735891.28932075	6734231.87326769
6651948.89299531	6636691.5360367	6637507.31175648	6650515.84749361	6650069.03567338	6654774.00084048	6653123.45097799	6643637.68406221	6642799.21110383	6645117.57772417	6644020.47718742
6554956.26231027	6539160.28126866	6539830.46862891	6552918.85198694	6552871.83688115	6557360.1809922	6555814.46058152	6546281.55026331	6545254.44095606	6547507.90658997	6546956.61381209
6451584.71793686	6435318.59993022	6435829.72370677	6448964.30244261	6449301.4717569	6453571.28849519	6452134.05715228	6442586.4283062	6441377.59030369	6443560.14536581	6443527.42938997
6342353.00245351	6325676.16779793	6326035.33993683	6339172.74378287	6339878.0629096	6343928.57641285	6342598.84460344	6333064.13565492	6331680.55575929	6333787.61893501	6334254.34239164
6227770.94021336	6210756.21033585	6210968.27234694	6224076.35334552	6225127.02372206	6228958.9010771	6227733.84170804	6218242.42480068	6216694.1084657	6218718.99303832	6219665.72846753
6108372.09551122	6091090.78706984	6091164.68522448	6104194.84837887	6105575.45570875	6109179.95772835	6108062.39638136	6098638.8819114	6096940.9166348	6098886.81502665	6100281.00660839
5984688.91040088	5967201.76968259	5967153.03664102	5980059.54202894	5981760.46521735	5985134.48764926	5984120.10190335	5974797.47324945	5972964.93708743	5974819.28382982	5976639.85115961
5857251.05951392	5839624.46164419	5839460.08492247	5852212.27565111	5854207.8513815	5857355.32539609	5856439.42976416	5847240.29679037	5845293.119721	5847045.86052964	5849274.90074747
5726586.41655061	5708880.63247429	5708608.40394577	5721178.53804692	5723443.2846374	5726364.1389915	5725545.66127277	5716493.76138803	5714443.92771755	5716098.46779919	5718691.5520396
5593208.74624582	5575479.64468409	5575104.98909576	5587465.77499372	5589978.29931543	5592674.58016419	5591955.97223519	5583069.81454089	5580931.86441673	5582480.08984463	5585410.24017925
5457613.38926116	5439918.75364865	5439450.64554911	5451571.70785869	5454311.42606889	5456785.73231079	5456165.10186174	5447464.5051859	5445249.50780862	5446688.9054553	5449934.08591914
5320284.97590787	5302674.82258684	5302125.65238326	5313978.40867086	5316930.35862202	5319186.43129289	5318657.97831305	5310159.28375414	5307877.57776009	5309207.08679906	5312739.28556771
5181685.39678716	5164210.93957957	5163577.65093563	5175152.01169168	5178296.23268828	5180333.57837721	5179894.68616654	5171616.60010467	5169282.34581558	5170498.87532181	5174285.12305582
5042261.31534312	5024967.69283184	5024255.35850236	5035534.51467614	5038848.85622652	5040672.57561253	5040321.21281374	5032272.99485612	5029900.97808358	5031000.78003154	5035016.95454848
4902426.61407653	4885359.4531594	4884573.78813745	4895538.7224796	4898999.85708622	4900620.75639804	4900349.50174917	4892545.24948654	4890150.43365207	4891130.09539181	4895354.60153902
4762575.70291364	4745773.69632201	4744926.60205569	4755558.99209705	4759148.22458977	4760576.08389599	4760375.64549044	4752830.092296	4750423.8415155	4751280.50628149	4755688.86759013
4623085.97400583	4606578.07787099	4605679.63582801	4615964.99216305	4619665.84268973	4620899.78702136	4620772.41957873	4613501.12797527	4611082.58462581	4611820.47570141	4616382.18460509
4484283.62962895	4468110.74102086	4467167.96156983	4477092.58739512	4480891.21329609	4481939.61215971	4481881.715927	4474879.26573825	4472469.27505429	4473081.94379262	4477781.38381567
4346498.86383776	4330684.69631379	4329700.1875197	4339263.5861643	4343138.43404433	4344011.12551072	4344019.41495215	4337292.73357801	4334892.00216403	4335388.7313505	4340199.96881254
4210011.96975432	4194580.68890002	4193559.00740681	4202756.21832758	4206690.72729948	4207396.9205226	4207464.38224165	4201015.03820674	4198636.69900211	4199016.90188	4203915.66973721
4075102.54437398	4060070.26187654	4059015.33851615	4067843.91934436	4071822.12404763	4072372.63610317	4072494.09866057	4066322.56306622	4063973.48490807	4064238.6197991	4069208.08147807
3942001.86154198	3927387.07492569	3926308.02734951	3934764.59350021	3938770.0281339	3939175.41960355	3939348.77962137	3933452.59420415	3931137.27314017	3931289.22779203	3936316.57519446
3810927.14565231	3796739.08492991	3795643.8495027	3803727.21056367	3807750.62514353	3808015.73160897	3808239.17496287	3802620.26622783	3800341.09738008	3800384.01241424	3805450.67922243
3682072.69538858	3668317.61273339	3667210.64804215	3674924.74585461	3678952.80752372	3679085.66635017	3679352.23578918	3674012.51316485	3671776.52112812	3671714.40533156	3676795.74253992
3555595.51482963	3542289.94501744	3541172.07423874	3548518.46423582	3552542.17644788	3552552.68457819	3552855.85921842	3547790.05951884	3545602.32896042	3545440.3826171	3550525.98933756
3431648.01052605	3418796.65243796	3417672.15718713	3424657.49906457	3428663.35843216	3428558.46193986	3428897.9827743	3424101.95592056	3421964.83896217	3421705.98057216	3426783.56881383
3310350.3545315	3297958.13224764	3296831.76641003	3303459.14339631	3307440.97617601	3307228.47049339	3307598.48312585	3303069.87116836	3300984.1979189	3300633.54667437	3305692.48867477
3191808.29526604	3179875.00862868	3178748.63003806	3185025.16003802	3188977.00315711	3188664.4342445	3189063.49663122	3184793.89920997	3182764.68381875	3182325.12450805	3187350.11801437
3076107.24905698	3064634.31731234	3063511.14180414	3069442.27411937	3073355.88040885	3072949.90847738	3073377.93286805	3069360.12864349	3067388.84526812	3066864.07970541	3071845.3005664
2963314.51160818	2952301.40866492	2951186.49385606	2956779.99334554	2960648.11701334	2960157.15407816	2960609.20398438	2956832.87671633	2954923.55506428	2954319.38024691	2959248.58918143
2853484.53872227	2842928.27406886	2841821.32609777	2847088.4606932	2850906.13762955	2850332.7215575	2850808.28820157	2847270.06502365	2845420.16900614	2844742.50833359	2849609.69768426
2746658.99173996	2736549.64487211	2735454.66590129	2740403.80833042	2744163.60723602	2743519.18735049	2744012.76468168	2740705.14340973	2738913.68879158	2738166.42054683	2742969.4494523
2642858.32913339	2633189.26218025	2632106.43828579	2636749.79822784	2640446.87914447	2639738.06164731	2640249.92713679	2637158.20654852	2635432.35997833	2634619.62137025	2639345.66550393
2542093.03858352	2532854.64908201	2531786.4392572	2536134.3926098	2539764.18343378	2538995.32868731	2539522.89792988	2536643.39341903	2534982.96529567	2534105.63636264	2538749.89386936
2444364.76497526	2435547.84004632	2434494.72580862	2438557.56863804	2442118.56367951	2441295.9200138	2441837.2502746	2439159.94299033	2437563.8607542	2436630.05704786	2441189.24653373
2349661.86609345	2341258.88425356	2340222.69465092	2344008.2649727	2347500.00885086	2346626.78293862	2347182.71237686	2344698.69242776	2343165.096799	2342181.44727796	2346649.34484355
2257968.59266963	2249966.56312035	2248949.73781073	2252468.86740987	2255887.1034424	2254970.09933612	2255536.95440308	2253238.86127076	2251767.18667336	2250737.20276416	2255112.58787657
2169256.15431692	2161642.42075452	2160648.30642177	2163911.42981917	2167254.2800616	2166298.89363958	2166874.19748428	2164755.41706971	2163342.184237	2162269.24581939	2166549.48226644
2083490.03600245	2076251.88116551	2075282.21382812	2078302.94443574	2081566.29376908	2080575.88365723	2081158.7549501	2079211.64545794	2077855.49058017	2076743.37309723	2080926.78114653
2000628.61739223	1993756.9867178	1992809.80910302	1995597.35972218	1998782.24263118	1997760.51571702	1998351.43439461	1996564.12974418	1995264.58600413	1994120.78406033	1998201.89542815
1920626.13596083	1914110.65937878	1913185.33891266	1915751.96380884	1918854.67063611	1917807.8171253	1918404.07383327	1916769.03068648	1915525.41494765	1914350.67165051	1918331.48727833
1843432.50902288	1837260.22118888	1836356.39298467	1838709.71656079	1841732.47800985	1840665.68726445	1841267.27525724	1839775.67221259	1838585.35214564	1837383.69786142	1841263.3867921
1768990.44295643	1763148.97463663	1762269.4297459	1764419.61617727	1767362.40426385	1766278.54421167	1766882.98461362	1765530.19147228	1764389.8792873	1763166.03464498	1766942.82923992
1697242.80975108	1691719.97567827	1690864.28346455	1692821.00927214	1695685.23612731	1694586.10547121	1695193.3213705	1693970.02462991	1692881.4737698	1691637.54420228	1695311.6618195
1628128.37777062	1622911.02663904	1622078.57874622	1623851.68292636	1626636.8300411	1625526.53482137	1626136.0297987	1625035.31313587	1623995.62495871	1622735.26022082	1626306.85037653
1561583.02444158	1556657.73944554	1555848.71084401	1557448.91278162	1560154.4851395	1559037.47715062	1559646.56830117	1558661.71029667	1557669.27884468	1556396.524932	1559866.17083433
1497540.29134097	1492895.67953151	1492111.08055566	1493546.18928096	1496174.05640121	1495051.9692756	1495660.37280861	1494784.03327474	1493837.91810837	1492555.05004119	1495924.59162114
1435932.67807453	1431556.78980415	1430796.31251602	1432076.32909295	1434628.42724618	1433504.00685635	1434110.67304256	1433336.99512488	1432433.58818101	1431143.22643594	1434412.43143029
1376694.20098496	1372574.56320115	1371837.84287849	1372971.68158624	1375447.52270968	1374323.58077818	1374927.88498662	1374250.48452444	1373387.94750681	1372094.51681369	1375264.41089268
1319754.66379474	1315879.57507679	1315166.00676641	1316162.76374459	1318563.61864869	1317443.31386661	1318043.73048514	1317454.77097254	1316633.43767901	1315338.16228594	1318409.71943654
1265045.57999305	1261405.2240251	1260713.54567356	1261579.80859996	1263909.03553536	1262792.03259833	1263390.28831802	1262884.0766774	1262100.92921318	1260806.65945788	1263781.45938143
1212498.24252406	1209081.75841687	1208411.57853351	1209155.16351071	1211413.10231034	1210302.17229507	1210897.64364586	1210469.19034169	1209721.79353736	1208430.52097592	1211311.09977614
1162042.95263072	1158840.00576969	1158192.39355587	1158819.13152208	1161007.08752894	1159904.13134221	1160495.7969433	1160140.94506927	1159427.10439078	1158142.50135953	1160929.91187631
1113612.05837566	1110611.84459608	1109986.13104409	1110505.2318271	1112623.26963651	1111529.31466715	1112117.06044747	1111830.62987734	1111150.10501481	1109873.64250184	1112568.99869572
1067138.98574662	1064330.59147362	1063725.67207396	1064143.35090464	1066195.11682883	1065109.36729937	1065695.63528203	1065471.37493199	1064822.77614803	1063554.68746457	1066160.71957837
1022556.13867666	1019929.25095881	1019346.20918206	1019669.39391586	1021654.04068095	1020580.51958895	1021162.5703094	1020996.83385054	1020378.42206146	1019119.52516081	1021638.78442689
979797.296030287	977343.92767099	976780.5295386	977017.56961288	978936.306630495	977875.966020739	978453.563916263	978341.042171643	977751.382721461	976503.657917165	978938.523143543
938799.022510362	936509.977817206	935965.161739275	936121.654552814	937978.230833383	936931.057070193	937501.974156571	937440.68099674	936878.078542286	935642.489118289	937995.062432345
899497.375638393	897364.235938682	896838.027712188	896918.888576231	898714.66212868	897681.719217247	898247.068423545	898231.577083024	897694.506059071	896473.463264126	898745.416266751
861830.694659103	859845.087727449	859337.477659755	859347.50110254	861084.210281311	860066.572118654	860626.147510046	860652.294402837	860140.017247911	858933.717507359	861126.910345768
825739.009744105	823891.172179024	823401.473546692	823347.305912727	825026.439351918	824024.062675319	824577.598960561	824643.718455867	824154.950293682	822962.981374642	825080.286635157
791161.94540708	789445.460411384	788972.982471418	788860.431901026	790481.669043902	789495.691785943	790042.785772949	790144.065016808	789677.9578511	788502.675838165	790546.587629815
758041.982140091	756449.759585814	755994.533617319	755827.777878144	757392.629926686	756423.98037097	756964.220520947	757097.994691599	756653.485453993	755495.466733813	757468.233670446
726324.087327839	724848.204013276	724409.683366049	724192.286305812	725704.210116313	724752.212863272	725286.43654438	725449.422129421	725025.568446019	723885.506026421	725788.182128531
695952.365316957	694586.828441415	694164.5841346	693900.583610466	695360.634697238	694426.913856023	694954.66839793	695143.20240981	694739.133710477	693617.177873739	695453.427532223
666875.190390313	665613.609031467	665206.524244282	664900.043608436	666310.470727912	665395.129933055	665915.71024167	666127.802704064	665741.954209876	664638.586204753	666410.729562106
639040.845359576	637876.871335761	637485.075354136	637139.323758123	638502.557315812	637604.136686315	638117.900595754	638351.852920934	637983.045180622	636899.27446729	638608.451486594
612399.220372191	611327.682824664	610950.437748201	610568.962485079	611885.623509075	611005.654946848	611511.95754202	611765.398241197	611413.191888563	610349.26755571	611997.085152857
586902.775647125	585918.080202583	585554.923817157	585141.146133575	586412.851007642	585550.214291698	586049.835399337	586320.975790394	585984.45449183	584940.408449691	586529.140175704
562505.102273356	561601.684026422	561251.745902055	560809.135942629	562037.752441613	561192.814744649	561684.547034105	561971.846827681	561650.565769628	560626.094616457	562158.038729558
539161.050162041	538334.683181079	537996.715760924	537529.006159097	538714.621323287	537887.893287892	538371.790401765	538672.902391154	538366.364324602	537361.751136733	538838.583345984
516826.96345481	516072.948264756	515746.935344478	515255.545385817	516401.152075526	515591.929273001	516068.286632052	516381.335969589	516088.703735757	515104.158296656	516527.957887819
495461.407681723	494774.001210699	494460.420928512	493947.881978593	495054.384605128	494263.505053871	494731.847958109	495055.614967302	494776.095075048	493811.439995154	495183.711955408
475023.143275342	474399.103127742	474097.065691688	473566.164770719	474634.1564087	473861.820706357	474322.004094136	474655.167740301	474388.319035526	473443.60698306	474766.146387591
455473.39266056	454909.412220666	454618.148795136	454071.101300052	455102.063078873	454347.698839809	454799.87847272	455141.677819245	454886.479324937	453961.730567594	455236.250008593
436775.484378627	436267.104318189	435986.396345374	435425.32859096	436420.628068918	435684.530239107	436128.363618218	436476.688309816	436232.841485884	435328.460123405	436556.765855534
418892.580349159	418436.81133716	418165.822938308	417592.743592449	418553.642659356	417834.916525737	418270.417512585	418624.858101711	418391.640347046	417507.490667188	418690.913211877
401790.065954081	401383.399973833	401122.120249492	400538.566654194	401466.16158647	400764.916708662	401192.335320767	401551.754892175	401328.742315032	400463.853332786	401604.428370451
385435.146255706	385074.11861469	384821.768608237	384229.862191923	385125.385957675	384441.015916009	384860.8559202	385223.930148206	385010.41111233	384165.181813174	385264.315420966
369794.999642736	369476.654074183	369233.165448872	368634.264914412	369498.781702071	368831.102641062	369243.143252745	369609.054924901	369404.99727149	368578.874778085	369638.547928916
354839.142656813	354560.191253004	354325.37237775	353720.720028483	354555.655018094	353904.620783576	354309.141225457	354676.874769739	354481.357229865	353674.357822068	354695.789025123
340537.897646782	340295.930129586	340069.147162731	339460.496364442	340266.793832342	339631.797714971	340028.303087544	340397.45877361	340210.155542572	339422.478741251	340406.661151814
326862.646300303	326655.267086666	326436.467916985	325824.827829172	326603.321414344	325984.607860918	326373.226310481	326743.109675203	326563.270301487	325793.944903455	326742.9954282
313786.58215792	313611.05262258	313400.109615492	312786.57607102	313538.44815636	312935.235719995	313316.021320141	313686.259903291	313513.551367201	312762.771735184	313677.740064202
301283.154339179	301137.096732691	300933.938519	300319.387344146	301045.64058945	300457.697802174	300830.650565555	301200.42986063	301034.940437711	300302.555945072	301184.299405837
289327.409638067	289208.877139112	289012.827527629	288398.508074364	289100.129820525	288527.068689562	288892.112094473	289261.043967548	289102.315670182	288387.824517171	289237.824091178
277895.423801477	277802.562700366	277612.847029856	276999.998075455	277677.349025957	277119.092385188	277476.633387632	277843.83312831	277691.728386807	276994.985842257	277814.616669945
266963.865791687	266894.876293247	266711.350606926	266100.627082851	266754.757886524	266210.904642493	266561.092461461	266926.489185134	266780.316845919	266100.713241755	266891.083710661
256510.832918736	256463.843817766	256286.168540276	255678.397851316	256310.355203596	255780.186511315	256123.381411112	256486.495810893	256346.099001134	255683.411004831	256445.265556644
246514.967694932	246488.654052065	246316.645462718	245712.406400159	246323.31613568	245806.352794444	246142.398532799	246502.777711422	246367.876254864	245721.833183056	246456.557763823
236956.278720426	236948.667558141	236782.500047348	236182.063918471	236772.671301541	236269.132943876	236597.719472641	236955.444763448	236825.482416569	236195.840731006	236904.616036893
227815.018753379	227825.040131455	227664.4180314	227068.509033185	227639.349097944	227148.864464725	227470.371467152	227824.886072332	227699.908412363	227086.10079047	227770.201181602
219073.352524869	219099.473853891	218944.097536328	218353.020641228	218904.850899007	218427.162868016	218741.648593744	219092.731456282	218972.610926296	218374.20811451	219034.405725555
210713.252411311	210754.163364704	210603.856446844	210018.085832268	210551.46253482	210086.487347271	210393.903512726	210741.411876226	210625.764485588	210042.691541006	210679.832032267
202717.653149739	202772.166614247	202626.695295066	202046.763423549	202562.087059914	202109.267867676	202410.302701369	202753.946685104	202642.399142209	202074.549096949	202689.052270121
195070.682791803	195137.501112605	194996.287250365	194422.536987472	194920.898850044	194479.839635271	194774.058393471	195114.042657184	195006.46786489	194453.455882847	195046.362894871
187756.125959415	187834.61280581	187697.502519051	187130.303900723	187612.100281891	187182.638210358	187470.097000546	187805.943240569	187702.550336967	187163.82772244	187736.026400652
180759.590764334	180848.704711909	180715.507326686	180155.032046816	180621.144489806	180202.862866363	180483.735711193	180815.331246254	180715.853231691	180191.111675203	180743.479339681
174066.675712267	174165.508734953	174036.261129064	173482.581185485	173933.495365358	173526.125040328	173800.679404648	174127.848820653	174032.270246489	173520.897702168	174054.145156435
167664.021381787	167771.666629502	167646.059486484	167099.440811363	167535.762297198	167139.029102135	167407.321298402	167730.314316218	167638.241475454	167140.060026627	167654.783574131
161538.52432056	161654.422219949	161532.44641184	160992.833934302	161414.953549139	161028.6939508	161290.734615753	161609.491344045	161520.713500322	161035.432620456	161532.505431019
155677.958714244	155801.082650659	155682.756550676	155150.517551067	155558.978373012	155182.604690538	155438.917192717	155753.165720823	155667.425702239	155194.865954717	155675.240132332
150070.209925674	150200.229638934	150085.239378314	149560.658017721	149955.959495392	149589.071596336	149839.432877776	150149.347361453	150066.796184406	149606.313124135	150070.449326677
144704.522601099	144840.684544096	144728.671469672	144211.879996077	144594.616447696	144237.109025184	144481.637676523	144787.065643299	144707.424194812	144259.067990153	144707.639412533
139569.69679297	139711.524715623	139602.491360782	139093.292058782	139463.996682093	139115.59938064	139354.585456812	139655.461538918	139578.595807944	139141.896960027	139575.333630252
134655.774260304	134802.387173192	134696.20715436	134194.631065679	134553.972074705	134214.4550221	134447.920282517	134744.15641626	134669.963897577	134244.615609464	134663.667429694
129952.635189142	130103.619618277	130000.272987745	129506.364231694	129854.530266505	129523.673945678	129751.688140068	130043.54962837	129971.703427601	129557.31146006	129962.582208824
125450.839423983	125605.812046092	125505.313731349	125019.070709665	125356.409194624	125033.980467763	125256.804503223	125544.16742829	125474.583693067	125070.806695659	125462.752551979
121141.701218659	121300.291430804	121202.302083466	120723.689159337	121050.546099732	120736.272254664	120954.11758178	121237.263856748	121169.666933076	120776.335049689	121155.383920067
117016.763357206	117178.394510611	117082.993709463	116611.818466083	116928.816664124	116622.306526205	116835.298457277	117114.030857981	117048.508458912	116665.317757602	117032.086686177
113067.790696396	113232.005027528	113139.022727309	112675.443768055	112983.048905502	112683.96419091	112892.074763706	113166.432762948	113102.930409767	112729.638922314	113084.598017956
109286.881759139	109453.378376727	109362.7741225	108906.635710438	109205.141905567	108913.470268571	109116.710033136	109386.779671441	109325.234237703	108961.45262626	109305.031196346
105666.554377929	105835.12623433	105746.789054467	105297.999842654	105587.654410426	105303.140400979	105501.752991521	105767.524639056	105707.860452606	105353.448197071	105686.059766226
102199.98384784	102370.249348222	102283.940747356	101842.435606359	102123.711383009	101846.075291349	102040.109752972	102301.829920343	102243.813096534	101898.5488729	102220.578406055
98880.042408306	99051.8551318503	98967.5728217401	98533.3357662485	98806.313452722	98535.5423041897	98725.0590201737	98982.8147473144	98926.3679562872	98589.9621460907	98901.8097690209
95700.5633749683	95873.5864913538	95791.3010905681	95364.267890406	95629.1987964447	95364.9703858063	95550.1582716501	95804.0378915292	95749.1314344102	95421.1741424766	95723.2486859907
92655.2738803736	92829.3251630464	92748.9184537955	92329.0176163027	92586.2306053191	92328.2760455267	92509.2662560936	92759.3106928174	92705.9390117971	92386.170987831	92678.8974332433
89738.37922504	89913.254313828	89834.5850109303	89421.7080908957	89671.5410108802	89419.6787810348	89596.5547918114	89842.8233386328	89790.8762883671	89479.0774695067	89762.8553041615
86944.2682574611	87119.7748185817	87042.7566362056	86636.7997269343	86879.5435941497	86633.5696052292	86806.4409700639	87049.0026292465	86998.4119528342	86694.3567506805	86969.5019694955
84267.6053918355	84443.5747771898	84368.179500897	83969.0220101887	84204.9491503779	83964.6702389945	84133.6146079013	84372.5672612246	84323.2351834249	84026.6832126315	84293.5750827402
81703.282115045	81879.5055238062	81805.7570547781	81413.3124836319	81642.6254860626	81407.8327926237	81572.99158305	81808.4037914114	81760.3037529117	81471.0130118748	81729.9643224216
79246.4326833786	79422.8269989107	79350.6210587884	78964.7891299344	79187.592818533	78958.2218978242	79119.6915197553	79351.6583333857	79304.7557487616	79022.5358785455	79273.7814255142
76892.4902582677	77068.8441105257	76998.1898534759	76618.7241851157	76835.4114972451	76611.3205360259	76769.0548115607	76997.6251846428	76951.9460306852	76676.5987276326	76920.4837915204
74637.0256006771	74813.2384778746	74744.078950363	74370.8732470797	74581.6690840083	74362.6130497564	74516.7002897147	74742.0156328584	74697.5929636326	74428.8624970694	74665.5266202561
72475.7677206304	72651.7347783775	72583.9675032	72216.8549114031	72422.0204336137	72207.8740438033	72358.4989179496	72580.6368593096	72537.3044331291	72275.0145835033	72504.7692026399
70404.7447152209	70580.2970098402	70513.7026328658	70152.76718891	70352.5748517747	70143.0634985149	70290.3602498477	70509.3735367535	70467.0158893953	70210.9605052686	70434.206144662
68420.0900539133	68595.2224698785	68529.8222656461	68174.8409562332	68369.4875814689	68164.5327495282	68308.4633767037	68524.4738104133	68483.2069985066	68233.1527221622	68450.0117564977
66518.2524456533	66692.8279660831	66628.7725461377	66279.4128537536	66469.0303054906	66268.5036198088	66409.1306228378	66622.2956419594	66582.1483236038	66337.8648490712	66548.5548693291
64695.6078447448	64869.6068853795	64806.8151194358	64462.9878952874	64647.6590858706	64451.4943613075	64588.915399213	64799.2571437273	64760.1602925585	64521.5600347849	64726.2811208725
62948.9337699981	63122.2689626381	63060.5947094293	62722.1906309673	62902.1979764703	62710.2489580898	62844.5927964465	63052.1277141799	63014.0687761231	62780.9637573037	62979.9244682623
61275.0534150404	61447.6402279969	61387.1121646664	61053.9845373275	61229.5271624143	61041.6250949617	61172.9539276445	61377.8724813525	61340.6709212327	61112.9262667304	61306.2945594481
59670.9683439625	59842.7228612086	59783.3005585764	59455.327815238	59626.6021992035	59442.6130839232	59571.0223782153	59773.2951062886	59736.9597592167	59514.4329695602	59702.4081597854
58133.7324636946	58304.67531475	58246.3044667986	57923.3082913918	58090.4531231067	57910.2301876439	58035.80312197	58235.5090515346	58200.0637441855	57982.637170998	58165.3881092862
56660.6268948789	56830.6866615795	56773.3858639616	56455.2318448844	56618.3792027482	56441.7785650408	56564.5686611968	56761.8502844156	56727.2590189366	56514.741095538	56692.4007131245
55249.0439116335	55418.2056599423	55361.9024199516	55048.5777046819	55207.8212940327	55034.7428949357	55154.8984190848	55349.7608623439	55315.989348968	55108.2293571648	55281.0913681008
53896.4355249922	54064.6867884415	54009.3836338937	53700.8118588704	53856.2054420734	53686.5639418069	53804.1046734407	53996.7146019422	53963.6686105591	53760.4977732018	53928.7222474291
52600.4860353429	52767.866402528	52713.4474353435	52409.3715190096	52561.1109294909	52394.7950028315	52509.8966430384	52700.1940176775	52667.9744230137	52469.2569944792	52632.9987696142
51358.9287810289	51525.3738721743	51471.8520389577	51172.1557820185	51320.5147830655	51157.2342852499	51269.9227743391	51458.138654974	51426.6071673046	51232.2392020081	51391.572277789
50169.6401381731	50335.1455899591	50282.3986578703	49987.0288851204	50132.1028581062	49971.7143184165	50082.1338316104	50268.3430019062	50237.5175193367	50047.2898777893	50202.4023257263
49030.5356784365	49195.0605170302	49143.1590877084	48851.9695921776	48993.867378655	48836.3281116863	48944.4360584324	49128.7309305515	49098.5462120165	48912.3911652576	49063.4713419818
47939.6582728769	48103.2367964984	48052.102377114	47764.9371395554	47903.8236575155	47749.0805620564	47854.8408836361	48037.3549160935	48007.7382282	47825.576860526	47972.7911000491
46895.134012439	47057.7784506232	47007.4031807049	46724.140910955	46860.0960437025	46708.0755386015	46811.5672436433	46992.3162906853	46963.2598051443	46784.9449117273	46928.4759019724
45895.2249580939	46056.9240914471	46007.2792501661	45727.8148612099	45860.9571929514	45711.5363110094	45812.8264912952	45991.8917748468	45963.4134018183	45788.7911831202	45928.7222530709
44938.2116909759	45098.9827342218	45050.0934587335	44774.2692918783	44904.6755230658	44757.7506528823	44856.9547723099	45034.3472064295	45006.4669639418	44835.4246252143	44971.8722340168
44022.5133896425	44182.3274855498	44134.182916191	43861.855742203	43989.6351410904	43845.1159478958	43942.323827893	44118.1306929609	44090.8250834268	43923.2240424661	44056.3412614781
43146.5650350228	43305.4269467578	43257.9990976683	42989.0390414136	43114.3040996536	42972.1181931055	43067.3476791722	43241.6942908859	43214.9138936081	43050.6629084867	43180.5631720675
42308.9396283939	42466.8692464249	42420.1198675612	42154.40991689	42277.2971022735	42137.2865151409	42230.5985982591	42403.5586014577	42377.2866942518	42216.2904487995	42343.0982254259
41508.2283565331	41665.243209454	41619.1289948887	41356.5759655919	41477.1639231703	41339.2818385978	41430.7301096692	41602.3556121419	41576.5710669479	41418.7369738207	41542.5489122283
40743.1011980869	40899.2149130374	40853.7673958501	40594.2144062031	40712.5892085471	40576.796361605	40666.3950687277	40836.7508086835	40811.4791352266	40656.6913286933	40777.6096229072
40012.3225990194	40167.5707241199	40122.7354289533	39866.0540537584	39982.3267079154	39848.5252610264	39936.3200981372	40105.530589229	40080.7348557075	39928.875943873	40047.0013539855
39314.6959013385	39469.125700526	39424.8850489607	39170.9938602428	39285.2077228407	39153.2878684518	39239.38093083	39407.4933855467	39383.1573617557	39234.1270203157	39349.538108159
38649.0979028818	38802.7365000231	38759.0338548025	38507.8191050764	38620.1052464783	38489.9975616773	38574.4220884085	38741.5063291568	38717.6024376561	38571.3300914413	38684.1639033349
38014.4696598695	38167.338786443	38124.1346524117	37875.5488520795	37985.9675094321	37857.5835880259	37940.3588225668	38106.4995937287	38083.0134653591	37939.3889285505	38049.745119244
37409.777546961	37561.8854274777	37519.2210679028	37273.1408375505	37381.7187120892	37255.0050368507	37336.1895861446	37501.4266198741	37478.3734324081	37337.3122254649	37445.2720164571
36834.0474524968	36985.4588411036	36943.2964976019	36699.5837828011	36806.4338972629	36681.3099328896	36760.9320525557	36925.3551412579	36902.7068105148	36764.1581320985	36869.7943775241
36286.3814201453	36437.1360045449	36395.4388168893	36154.0058180097	36259.236973827	36135.5983825979	36213.6937340903	36377.389938637	36355.0983303017	36218.9729134407	36322.3670048976
35765.9386978206	35916.0692125017	35874.7915191727	35635.5315823429	35739.2080146202	35617.0062715204	35693.611369576	35856.6187213778	35834.6981407552	35700.9337350416	35802.1591224576
35271.8988892847	35421.3849840591	35380.5286340476	35143.3742341234	35245.5550902944	35124.6939766375	35199.8526966171	35362.2640905032	35340.6902497113	35209.2201536292	35308.3483926899
34803.4520583181	34952.3444274823	34911.8679047622	34676.7279100752	34777.5212039942	34657.8973983996	34731.690669699	34893.5898119467	34872.3266323999	34743.0513642428	34840.1815132797
34359.9119202776	34508.2237202349	34468.1540769536	34234.8615299769	34334.333635533	34215.9088219946	34288.3605278132	34449.793546677	34428.8542843285	34301.6996430518	34396.9036925969
33940.555969187	34088.3468591914	34048.6628499799	33817.1324009106	33915.3361014986	33798.0532307124	33869.1798921075	34030.2088679358	34009.5896887502	33884.4992842968	33977.8683880369
33544.7525131103	33692.0769632712	33652.7518758075	33422.9207886281	33519.8828686384	33403.7055396121	33473.5209821107	33634.2074445922	33613.9035030723	33490.8112581436	33582.3766119699
33171.9049280029	33318.8086516729	33279.7648670444	33051.5722577761	33147.3327247252	33032.2202251976	33100.8067790067	33261.1862117047	33241.1800794199	33120.0349100673	33209.8426745136
32821.4652834197	32967.9568992979	32929.2208969641	32702.5337987235	32797.1836045387	32683.0507915262	32750.4009414312	32910.5774607552	32890.8563739308	32771.6017845147	32859.7278659257
32492.8772845791	32639.0229220095	32600.576447217	32375.2793435672	32468.8730530155	32355.6145218975	32421.7926287536	32581.8617418782	32562.4184405018	32444.985813145	32531.499377976
32185.6617001721	32331.4873904963	32293.3603494609	32069.3224029901	32161.9334279835	32049.5340198356	32114.5335213971	32274.5691567497	32255.366780656	32139.7127795665	32224.6458387007
31899.3620177134	32044.8973459174	32007.0554482012	31784.2071915255	31875.8915315427	31764.2830992484	31828.1258407937	31988.2035170267	31969.2274215575	31855.3104051245	31938.7249854921
31633.5450645974	31778.8528623392	31741.2606354761	31519.4862177339	31610.311079824	31499.4449642042	31562.1661476107	31722.3133264887	31703.5922384553	31591.362126447	31673.3108487904
31387.8215699329	31532.9483545959	31495.6029216158	31274.8547528933	31364.8135412589	31254.6052215109	31316.2336302863	31476.5657690422	31458.087840204	31347.4816105106	31428.0072391822
31161.8587338263	31306.8186017162	31269.705073668	31049.8937508052	31139.0118039796	31029.4528765566	31090.0283604187	31250.5901727957	31232.3539177386	31123.3164351932	31202.4677021922
30955.3180779562	31100.1645243492	31063.2701066504	30844.2689263541	30932.6652879404	30823.6488272307	30883.1851210411	31044.0476760251	31026.0621664017	30918.5448779482	30996.3709062331
30767.9230592062	30912.6760616577	30875.9915702065	30657.7432622383	30745.4487791342	30636.9384272645	30695.3857131082	30856.7282577215	30838.9190870877	30732.8900047224	30809.4353335019
30599.3800051684	30744.1039275578	30707.5939502448	30490.0111622642	30577.0839980301	30469.0055761216	30526.4600853144	30688.2859309423	30670.6600716538	30566.0766118679	30641.3853236575
30449.480907675	30594.2167842174	30557.8675504775	30340.8425513946	30427.3364862234	30319.665752389	30376.1100356569	30538.4896526651	30521.0735684927	30417.8675903671	30491.9775048116
30318.0120830517	30462.8140541896	30426.6189939094	30210.0708272106	30296.0103667308	30188.6839262341	30244.1439307486	30407.1587619354	30389.9464397973	30288.0884946609	30361.0366218995
30204.7987562461	30349.7225833028	30313.6852211943	30097.4794114871	30182.9439464434	30075.8758704802	30130.3855749495	30294.1123604342	30277.1170059617	30176.5554026999	30248.3841218169
30109.7136386763	30254.7988856559	30218.8997693572	30002.9785444269	30087.9591840368	29981.1604888766	30034.7127351098	30199.2553660594	30182.4128634053	30083.1301775221	30153.8769480365
30032.6425187112	30177.9323202451	30142.139827353	29926.4091434744	30010.9752669092	29904.3761471174	29956.9395502105	30122.4164097552	30105.7266828373	30007.7085091167	30077.3941808521
29973.4969993299	30119.0525533918	30083.344780557	29867.743223043	29951.9217287522	29845.4457100992	29897.0857917428	30063.530895339	30046.9822031715	29950.218888821	30018.8786656057
29932.226071806	30078.1036450872	30042.4652988677	29826.8893704602	29910.700416945	29804.3439643951	29855.0854188335	30022.5389713	30006.1515550093	29910.5971705419	29978.2718859386
29908.8183568053	30055.0504485494	30019.4845101605	29803.8121485721	29887.371751593	29780.9927842368	29830.8990706461	29999.4582323898	29983.2138219765	29888.8294195215	29955.528347453
29903.2611353812	30049.8988364346	30014.4021472085	29798.5704384363	29881.8863171794	29775.471890713	29824.4813501043	29994.2474359498	29978.1820082481	29884.9179374379	29950.6916820873
29915.5975121045	30062.7108126699	30027.2484366079	29811.1713225215	29894.2864817688	29787.7633976222	29835.9235586317	30007.0008658478	29991.0584458749	29898.9068653167	29963.7789443549
29945.8969152678	30093.5339155195	30058.1103582932	29841.6752991133	29924.6480382113	29817.9563938722	29865.242171579	30037.7603258859	30021.9152944558	29930.8765404204	29994.8536696644
29994.2622696519	30142.4879197046	30107.0549538217	29890.1847459144	29973.0741244991	29866.1569913636	29912.5656457671	30086.6240570559	30070.8574689696	29980.9154280137	30044.0138735861
30060.8035815468	30209.6768515496	30174.2263341581	29956.8192040452	30039.6680503722	29932.4443688172	29978.021317175	30153.7136086643	30138.0265607445	30049.1546025398	30111.4064612159
30145.6895612946	30295.261825818	30259.7833842198	30041.7787421368	30124.6137262338	30017.0217597507	30061.7594150394	30239.2034097171	30223.5882523604	30135.7450351965	30197.181898322
30249.0987840244	30399.4235333097	30363.9349809571	30145.2168065401	30228.0461353731	30120.0723502785	30163.9563764634	30343.2651361404	30327.717124533	30240.8859990559	30301.5450491632
30371.2792486833	30522.4021525183	30486.8446301349	30267.3336913022	30350.2644348551	30241.8203261006	30284.821063457	30466.0945328345	30450.6440787729	30364.8144606474	30424.691923545
30512.4732755878	30664.4802688174	30628.8482492093	30408.4404034366	30491.4875295929	30382.5338637887	30424.6492684942	30608.0072344194	30592.6235427936	30507.7874835599	30566.9063485819
30672.9785982664	30825.9271883742	30790.201656674	30568.7888929652	30652.0032509467	30542.4896780299	30583.6976142924	30769.2689926509	30753.9451871284	30670.0910930005	30728.4787768352
30853.117775621	31007.0771096801	30971.253189197	30748.7128304148	30832.1101542455	30722.0005984418	30762.3049714362	30950.20918689	30934.9404521328	30852.0690935016	30909.7188758374
31053.2569478439	31208.2809481963	31172.3384039253	30948.5881325716	31032.188350173	30921.4169028277	30960.8332486403	31151.1943626942	31135.974583824	31054.0849248461	31111.0030901619
31273.7947787196	31429.9529957418	31393.8947739321	31168.810992278	31252.6809368537	31141.1734938685	31179.7121958895	31372.6164749592	31357.4511972183	31276.5359197719	31332.7353419852
31515.1677884445	31672.5352135461	31636.3146830341	31409.79369601	31494.0246183648	31381.7112843421	31419.3431218932	31614.9107229397	31599.8058139023	31519.8774222025	31575.375978164
31777.865115212	31936.5226282379	31900.1246463204	31672.0541891102	31756.6613111045	31643.4750567	31680.2048873853	31878.6040567966	31863.5219500152	31784.586790607	31839.3808619547
32062.4151642597	32222.4274483937	32185.8326468273	31956.1115286677	32041.1391912894	31927.0181842676	31962.821943137	32164.1414370688	32149.1501526892	32071.1965653464	32125.2862390897
32369.3723853223	32530.8048072448	32494.051605315	32262.521119637	32348.0263300276	32232.9156979038	32267.750429281	32472.2072618417	32457.2317022987	32380.267291009	32433.658152426
32699.3597998519	32862.2636842698	32825.3291245545	32591.8741838212	32677.9169745939	32561.7396467871	32595.5995555454	32803.3447706265	32788.3821624018	32712.4304177633	32765.1092137966
33053.0146460566	33217.5009653912	33180.3395070924	32944.8661189556	33031.4708505548	32914.1688633774	32947.0372993306	33158.2211632269	33143.2652503045	33068.3392568402	33120.3176835983
33431.0668045547	33597.2241768958	33559.8059469767	33322.1908787111	33409.4429342455	33290.9443030786	33322.7560834586	33537.5392131525	33522.6091878402	33448.7150379198	33499.9738040372
33834.2797923059	34002.1783768288	33964.4932464217	33724.6230911586	33812.532728735	33692.7697670061	33723.52196227	33942.0819847448	33927.1563980337	33854.3152763398	33904.8596459669
34263.4476894651	34433.1879246954	34395.2179596202	34152.9949211689	34241.6238568881	34120.4833193296	34150.1213592686	34372.6288350875	34357.7343282033	34285.9641514258	34335.7837521652
34719.4801334853	34891.1146115925	34852.8531911294	34608.1402859084	34697.5346157791	34574.9453072989	34603.4443701319	34830.0941159379	34815.2121854256	34744.5537682036	34793.6386297096
35203.2897500405	35376.9258433545	35338.3449817378	35090.9868372872	35181.1950598921	35057.1106555264	35084.3875970109	35315.4588856234	35300.5186639604	35231.0075300435	35279.3510540085
35715.8655221207	35891.5977987916	35852.6682141235	35602.5236433043	35693.6264765669	35567.9486866295	35593.9930151755	35829.6484376548	35814.6576167769	35746.3320680989	35793.9089383665
36258.2474675243	36436.2157568747	36396.9217520282	36143.826627175	36235.876125289	36108.4737871686	36133.2883180715	36373.7205828924	36358.7037823805	36291.5951553168	36338.3840119239
36831.6143395976	37011.8814106475	36972.2326246882	36716.052706683	36809.0752079711	36679.8953447965	36703.3987578505	36948.7915650805	36933.7830715349	36867.9364720198	36913.9172319404
37437.1582914287	37619.8178663484	37579.8064563159	37320.3557714185	37414.4174659866	37283.433770195	37305.4959768052	37556.1641897261	37541.0785050148	37476.5545227039	37521.7224581474
38076.1602947371	38261.3069881051	38220.9164302299	37958.0450352397	38053.1759783512	37920.3152784406	37940.9326023706	38197.0486945188	38181.920703222	38118.7577670808	38163.0802538731
38749.9672768664	38937.7127599072	38896.9022269619	38630.4533673836	38726.7466910879	38591.8715043363	38611.0156429221	38872.8255827941	38857.6536697835	38795.9247499885	38839.341097703
39460.0448948156	39650.5031544292	39609.2434542518	39339.0611575592	39436.5899522196	39299.5672209017	39317.1513091465	39584.9693048625	39569.7408955605	39509.4902740733	39551.9745222634
40207.907905891	40401.2149979162	40359.4735462318	40085.3737412135	40184.2089584613	40044.9462335182	40060.8818598389	40334.9747008382	40319.6969557508	40261.0223629182	40302.5152946813
40995.2194440657	41191.4622121001	41149.2395602512	40871.0653762489	40971.2448432291	40829.6846333411	40843.851404916	41124.4882336364	41109.1770697495	41052.1451362856	41092.647949415
41823.6865528729	42023.0284532741	41980.282292729	41697.8692950798	41799.4567657357	41655.4739091771	41667.8268236232	41955.3228928848	41939.9139699258	41884.6225943217	41924.0872759652
42695.1726058282	42897.7503507653	42854.4611563785	42567.5800323273	42670.6425969481	42524.179495385	42534.5834558358	42829.2741603401	42813.7823499074	42760.3315460531	42798.6696621567
43611.6580986209	43817.5672397024	43773.7192461912	43482.2165335428	43586.8363963649	43437.7007459136	43446.0329480474	43748.333190209	43732.7333067004	43681.1969503003	43718.3780405867
44575.2153246937	44784.5969120351	44740.1464499106	44443.8024183067	44550.0420630925	44398.1830030333	44404.2858486669	44714.523973598	44698.8206562511	44649.3214889312	44685.2936590566
45588.018266886	45801.0335458291	45756.01429409	45454.6167282511	45562.5561830562	45407.7403029137	45411.6560550319	45730.1050324337	45714.2889855139	45666.9583725448	45701.6016036807
46652.4050669788	46869.2561356725	46823.5812986471	46516.9071584008	46626.6254154079	46468.78000531	46470.3393141381	46797.3793132788	46781.4836732863	46736.4308097169	46769.7199110979
47770.9042837246	47991.706421484	47945.3954927963	47633.0928417676	47744.6554251193	47583.7584966439	47582.8914026434	47918.9063501915	47902.8831729248	47860.260282191	47892.1163685946
48946.132693242	49171.0351796741	49124.0612523517	48805.9788821015	48919.4868543299	48755.3504438534	48751.8280726461	49097.2821059104	49081.108445256	49041.0776077516	49071.3977786124
50180.9104995373	50410.0467847725	50362.3889931484	50038.2737544279	50153.8023792265	49986.3335010234	49979.9765337322	50335.3335202625	50318.979517583	50281.7286354617	50310.4024285387
51478.1811599322	51711.7331906707	51663.3045336821	51333.0041470588	51450.6965077922	51279.5959311852	51270.2532456599	51636.0058332767	51619.4817273155	51585.1690563631	51612.0766154222
52841.0695790101	53079.2305657924	53030.0144755558	52693.2434793369	52813.1159687187	52638.354428077	52625.8125332294	53002.4961647028	52985.7625803607	52954.5799267953	52979.6270445199
54272.9483595478	54515.9271082958	54465.8196271967	54122.3846891867	54244.5405808951	54065.9670345752	54050.0233719544	54438.0890850638	54421.1750000321	54393.3096414473	54416.397323176
55777.3479954209	56025.3692003779	55974.3019547884	55623.9264105018	55748.4395167914	55565.904191797	55546.4209866331	55946.3537888468	55929.2780056163	55904.9665781746	55925.9299940899
57358.068660726	57611.2871972022	57559.2437163465	57201.62598012	57328.6164496193	57141.9601472221	57118.7297313998	57530.9464300615	57513.8058964469	57493.2748819928	57512.0108059525
59019.0891565555	59277.6786502529	59224.6821700656	58859.5048365342	58989.0626211629	58798.1171972453	58770.8841478404	59196.137192439	59178.7856656178	59162.2869314532	59178.6251586192
60764.6097612346	61028.8228427911	60974.7611193943	60601.7669994212	60733.9177643915	60538.5349836446	60507.1428861945	60946.0432324059	60928.4248525243	60916.2838780181	60930.0312101517
62599.1755866437	62869.2036725458	62814.0454221808	62432.9460896139	62567.7966512719	62367.8495821907	62331.9355407543	62785.1201467201	62767.2273259974	62759.7629668285	62770.7222498308
64527.5360566614	64803.5967573984	64747.3356243222	64357.7540104143	64495.4301432287	64290.6704840807	64250.1346422466	64718.1492514592	64700.0301304776	64697.5205805414	64705.531678558
66554.7240076528	66837.0896871042	66779.5551221371	66381.2954022389	66521.9155241783	66312.163089479	66266.6182304174	66750.2889438162	66731.8511975846	66734.648338501	66739.4749767293
68686.1409303626	68975.0615443844	68916.3477319693	68508.873821463	68652.5716387792	68437.5325726784	68386.7103412066	68886.8910188023	68868.0743828267	68876.549108483	68877.9879354144
70927.4969596045	71223.1805050076	71163.2562186902	70746.278127801	70893.0713506124	70672.7312276393	70616.1763732329	71133.5929622561	71114.4176496221	71128.9667686559	71126.7751426667
73284.7996535791	73587.5782036648	73526.3739335359	73099.3635028482	73249.5114209676	73023.6353254763	72961.0071141187	73496.4819272068	73476.9021322068	73497.9893513803	73491.8683800223
75764.4855796714	76074.6150223811	76012.1231693811	75574.8477020088	75728.3275238531	75496.7583749677	75427.527765608	75981.9906234235	75962.0110529478	75990.0371964196	75979.7719117378
78373.3854448576	78691.1661186458	78627.128352236	78179.3449163235	78336.303123782	78098.7869185258	78022.6422335722	78597.0216627979	78576.5232668324	78612.0096688126	78597.2632195115
81118.722686287	81444.4274186859	81378.9492582516	80920.1865745109	81080.767019502	80836.9561374883	80753.4836098855	81348.6655178802	81327.6834395203	81371.1347273211	81351.609442848
84008.1427682866	84342.0834024283	84275.1780707341	83804.8396859566	83969.1845671518	83719.0119777883	83627.723469965	84244.700585517	84223.1597851484	84275.1229220154	84250.5294199533
87049.7563914845	87392.2779725891	87323.9217648861	86841.5392211439	87009.7646189237	86752.9649706946	86653.4087812312	87293.2049467461	87271.0656096452	87332.2363817325	87302.1290422904
90252.2842181747	90603.6933634701	90533.7829834214	90038.9398048668	90211.1605545406	89947.6109238231	89839.1408064394	90502.938884899	90480.1024080324	90551.1194391316	90515.0945227797
93624.8487279772	93985.4247605118	93914.0305563052	93406.257773984	93582.5165618447	93312.0281527644	93194.0038121928	93882.9743729816	93859.376811073	93940.9680666504	93898.5706062047
97177.1590228974	97547.323878036	97474.3036205422	96953.1546057224	97133.5484667986	96855.8748318727	96727.8092641418	97443.0739824867	97418.6988388454	97511.5263309418	97462.4641907078
100919.534824481	101299.667102737	101224.977588623	100689.79158475	100874.588756846	100589.532611599	100450.712026222	101193.614394546	101168.357672567	101273.236096125	101216.969094938
104863.001595422	105253.404149408	105176.848569674	104627.367174143	104816.483687745	104523.799087438	104373.543361623	105145.516976306	105119.229479092	105237.109775591	105173.070252387
109019.012714974	109420.149287672	109341.730248166	108777.401068298	108970.848724012	108670.411202391	108507.911720072	109310.338649694	109283.040660636	109414.765665481	109342.435903249
113399.942360741	113812.206604161	113731.895521822	113152.173587968	113350.078939938	113041.637682501	112866.190772263	113700.535526639	113672.023728265	113818.6070088	113737.356838336
118018.80434436	118442.673862237	118360.464902786	117764.653542211	117967.096123081	117650.459680573	117461.285067248	118329.051601309	118299.253379388	118461.724471594	118370.885917926
122889.444928361	123325.36003688	123241.161077037	122628.584472258	122835.61680765	122510.566620086	122306.983266441	123209.720247177	123178.486882526	123358.038245413	123256.943490729
128026.581731696	128474.910858538	128388.639204399	127758.895681189	127970.646965197	127637.009275123	127417.855286469	128357.312994309	128324.484845588	128522.29278378	128410.17234647
133445.695454525	133906.855232956	133818.581217951	133170.995752146	133387.512027151	133045.042689469	132809.390962834	133787.285209766	133752.765703298	133970.030728899	133846.092112098
139163.196564275	139637.650147366	139547.252494711	138881.414362911	139102.697063943	138751.102231366	138497.901770192	139516.108252681	139479.652406327	139717.836110396	139581.316470827
145196.578101169	145684.782852994	145592.282183103	144907.424386778	145133.391149209	144772.837438141	144500.889076119	145561.296181914	145522.765249215	145783.249005351	145633.240767897
151564.212462986	152066.738424372	151972.1780921	151267.389599109	151498.175145032	151128.43732618	150836.608100593	151941.113350206	151900.394442999	152184.85365049	152020.267204623
158285.648900656	158803.126311073	158706.300126791	157981.002281756	158216.688158223	157837.109597102	157524.498978767	158674.921700881	158632.020009818	158942.161389587	158762.10209182
165381.411636345	165914.462088193	165815.509485273	165068.883631492	165309.207073214	164920.350290561	164585.201544679	165784.064279847	165738.349640247	166075.850976437	165878.845299971
172876.125109346	173424.80518549	173323.94221996	172555.739711388	172800.195371925	172401.89696371	172042.925583239	173292.308305476	173243.546545024	173610.460548216	173395.286037778
180790.691610882	181355.518933936	181252.671915848	180462.252875982	180710.826638756	180302.958039234	179918.676689887	181220.883418206	181168.838946195	181567.087836718	181332.543596236
189149.488408379	189731.0408734	189626.208370025	188812.658363621	189065.424614973	188647.872894683	188236.718622306	189594.300800784	189538.574427945	189970.413671848	189715.015711057
197978.276851049	198577.217531711	198470.492442518	197633.072911341	197889.455268904	197462.45699467	197022.943572696	198438.31160122	198378.614229348	198846.395141727	198568.778411938
207304.627423399	207921.438963415	207812.660086414	206950.651604586	207210.748838799	206774.297030317	206304.670397561	207780.759160448	207716.164913914	208222.445484624	207920.947439269
217157.04369784	217792.408352489	217681.671374367	216794.534843994	217057.736219041	216611.993072051	216110.570426829	217649.760270211	217580.086852684	218127.363833301	217800.553672496
227565.931693792	228220.52507995	228107.949380336	227194.742193652	227460.957300439	227006.081873804	226470.793121055	228075.950096338	228000.6708021	228591.792085804	228237.702794551
238563.485605166	239237.797508343	239123.519260015	238183.425735398	238452.30704812	237988.421476103	237417.468941163	239091.538414394	239010.039563931	239647.776624112	239264.698529968
250183.424356827	250878.015193161	250762.294042321	249793.992152821	250065.26925946	249592.978261205	248983.947124322	250730.072229215	250641.714369235	251329.301511897	250915.16685325
262460.964091976	263176.564116623	263059.445934523	262062.271311704	262335.374144133	261854.765700237	261206.193729537	263027.079100011	262931.15713371	263671.800703341	263224.586048033
275433.760606636	276170.799045768	276052.599116264	275025.836919006	275300.115664202	274811.887052486	274121.149160647	276020.016970011	275915.626048538	276713.123009157	276230.335023351
289140.704393872	289899.96855838	289780.94481175	288723.736159568	288999.139764259	288503.156352578	287767.758243057	289747.888103298	289634.409985355	290492.421984741	289971.658386616
303623.273230411	304405.509587448	304286.026928086	303197.149097618	303472.717040439	302970.073327233	302187.664620881	304252.197309639	304128.848961617	305051.080002396	304489.771492633
318924.754360984	319730.444592023	319610.505521768	318489.302244798	318764.490175274	318256.062479787	317423.744244292	319576.377233942	319442.039097339	320432.480921773	319828.184565699
335090.561266866	335920.065997537	335800.129932491	334645.743618361	334919.768149159	334406.297900195	333521.714276887	335765.707489241	335619.207384397	336682.363250687	336032.200765875
352168.048578243	353022.353248854	352902.059758677	351714.051637477	351985.954786495	351468.232512402	350528.761826277	352867.52286518	352707.572611709	353848.283905275	353149.246968971
370206.822399392	371086.672537204	370966.819857906	369743.778918347	370012.876974423	369492.026964624	368494.896553731	370932.000554451	370757.151268025	371979.98588692	371229.096176908
389259.304799984	390165.090918627	390045.897336109	388787.12139501	389052.339782398	388529.658923846	387471.738561607	390011.527721016	389819.937582336	391129.989116927	390323.624961325
409379.79115317	410312.073633436	410194.68409957	408899.158223264	409158.256609325	408635.926735832	407513.704084124	410159.652282221	409949.729185718	411352.520472408	410487.282817306
430624.888705233	431584.122444073	431469.342407007	430135.331344906	430388.025413892	429866.982166454	428677.99241784	431433.287280848	431203.524501395	432704.583741216	431776.687423805
453053.668071755	454040.576082957	453928.656998389	452555.343938936	452800.130476344	452282.092173342	451022.602782447	453891.879801286	453640.312594301	455245.33624249	454250.527026572
476727.800626034	477742.508792409	477634.543265288	476220.48521245	476455.51117613	475942.814144524	474610.184077449	477595.888197947	477320.767158804	479036.531671338	477970.113358353
501710.960906539	502753.997499561	502650.86236711	501194.895148186	501418.050253427	500913.595652076	499504.237156485	502610.628577094	502308.966711693	504142.210995916	502999.163346952
528068.974812009	529141.25253048	529043.656445676	527544.385807656	527755.027398751	527260.414635418	525771.347032164	529001.447901973	528671.385647269	530628.416648154	529404.171563028
555870.729064737	556972.601055687	556881.528594165	555337.880358121	555533.913232718	555052.702141053	553479.49021405	556837.263452216	556475.817924382	558563.93466093	557253.589524716
585187.110299373	586318.92208831	586235.057403608	584646.464573951	584825.200451508	584360.585863488	582700.137816342	586189.040242382	585792.509773189	588019.712537904	586617.330639419
616091.383727078	617253.139783106	617177.955447318	615542.935579517	615702.041476026	615258.031492808	613506.986314538	617129.704783986	616695.31899282	619069.191437513	617569.564832208
648659.426387469	649851.205699159	649786.354570032	648103.721726853	648241.288688569	647819.075358252	645975.557233205	649733.660068858	649259.672748112	651787.896971433	650184.984081656
682968.627726587	684190.74467314	684137.445615108	682405.664860541	682519.270872049	682124.876814454	680183.633025423	684080.478435921	683562.541437116	686253.237766296	684540.8350808
719098.596778048	720351.390150853	720311.055990574	718529.6238629	718616.154693101	718252.753639088	716211.834631753	720249.884188352	719683.698081911	722545.35079872	720716.676138731
757131.065842942	758414.626075082	758388.710454037	756556.571976017	756612.706338487	756285.830030632	754141.159135602	758322.983728018	757704.193413511	760746.343269317	758793.949282749
797150.034899179	798462.989691735	798453.008691506	796568.855085376	796592.076409582	796305.054303722	794055.900705422	798383.045264988	797706.503482353	800939.065331771	798855.948318016
839238.856298742	840581.53206873	840589.850290014	838652.325257955	838639.656849305	838398.875577294	836041.364835737	840514.880723839	839776.376323286	843207.452581168	840985.895126532
883484.241791696	884856.380171951	884885.386620953	882893.579282483	882841.156269656	882652.979788563	880183.93880951	884804.924064285	883999.155349807	887638.41808655	885270.418306213
929974.103692175	931374.868939113	931426.498447265	929379.831453918	929282.287360246	929154.267311704	926571.674000506	931340.62740199	930461.58252191	934319.014573797	931795.752035206
978796.364658161	980224.804746091	980301.58822271	978198.698725222	978051.977879433	977991.557472833	975292.541505199	980209.1783681	979251.214476452	983337.85111117	980649.148833954
1030039.043122	1031494.69016135	1031599.43969708	1029439.39859511	1029239.29184089	1029253.93131471	1026436.2012363	1031500.56669915	1030456.63211397	1034782.06450851	1031919.90800896
1083791.15299277	1085273.18962392	1085407.11583115	1083189.69066504	1082932.92645556	1083030.30152082	1080092.9794164	1085303.20547924	1084166.22576155	1088740.13426954	1085695.59789796
1140141.51439175	1141648.35182565	1141814.49610192	1139538.82556881	1139220.88054723	1139409.10847203	1136351.63345411	1141705.03587234	1140467.52059096	1145300.53177757	1142062.72120799
1199176.91142432	1200706.74504892	1200908.09778906	1198573.24057504	1198189.69510676	1198478.40360556	1195299.72996792	1200793.63223683	1199448.3729439	1204551.20275172	1201109.61203749
1260984.70768472	1262536.32449869	1262775.75450409	1260380.10011696	1259924.46927959	1260324.91235562	1257025.04445994	1262655.03144478	1261195.18428752	1266578.12511047	1262921.14430714
1325648.73843068	1327220.49730403	1327501.77326382	1325045.00106598	1324511.99095602	1325034.13502984	1321612.80596509	1327377.18918428	1325791.63278143	1331465.08320928	1327580.80606097
1393252.70663864	1394841.63656175	1395168.78947626	1392650.28124388	1392034.41582894	1392689.82850912	1389147.44201974	1395038.72927223	1393319.77405343	1399294.8733358	1395170.76694974
1463875.11446136	1465479.87892717	1465854.07176352	1463275.13750673	1462570.66663838	1463370.13423857	1459707.72097874	1465718.79006924	1463859.3306157	1470146.02691875	1465770.08290144
1537591.62171888	1539208.75829708	1539635.2097876	1536997.78021067	1536197.83936474	1537150.35745966	1533371.79107531	1539495.61673838	1537486.85875512	1544091.8762704	1539453.7200666
1614472.43699067	1616098.66417848	1616583.73300562	1613885.65188575	1612984.80654963	1614105.54062902	1610211.85397733	1616441.0348805	1614269.63874901	1621206.90447842	1616291.82518476
1694587.49934823	1696219.81223847	1696763.70318941	1694008.53687558	1693000.26361529	1694300.27909463	1690296.27405769	1696618.46923529	1694277.7210473	1701555.77190543	1696349.86914887
1777997.4343535	1779630.81869632	1780238.38607109	1777423.38800074	1776302.82968653	1777796.45683264	1773685.9494999	1780092.29183049	1777570.21895541	1785197.43244059	1779688.14504893
1864752.91070113	1866384.93175179	1867060.09960607	1864186.53188482	1862946.5340654	1864650.01152057	1860436.25319203	1866914.95486764	1864200.6580786	1872184.6170596	1866358.577451
1954901.2197828	1956527.15441002	1957274.3121758	1954344.82901368	1952978.49949709	1954904.57272879	1950594.24396923	1957131.66538711	1954215.42994315	1962563.55069004	1956406.40320633
2048481.41626539	2050095.31948444	2050920.12067074	2047937.68611426	2046438.95337715	2048599.73648564	2044199.08484725	2050780.58297708	2047651.47672766	2056372.01840478	2049867.75622654
2145522.61995656	2147117.2699664	2148026.30876013	2144989.68850906	2143354.66854409	2145764.4699311	2141280.13049147	2147894.09247817	2144537.18185413	2153637.37595496	2146771.5092206
2246041.26792789	2247611.16352652	2248606.6623445	2245517.71058046	2243743.47555202	2246417.08845559	2241854.84887098	2248482.54956492	2244890.59054642	2254374.91124574	2247133.91097548
2350041.15231819	2351582.67653909	2352666.38873042	2349528.44975844	2347609.45740768	2350560.27306628	2345932.20584326	2352554.37366869	2348718.81970388	2358592.57467934	2350961.72872217
2457519.25137275	2459023.52777603	2460200.58297649	2457019.77251861	2454945.48343458	2458191.61108511	2453508.12198163	2460105.88438818	2456016.15888111	2466279.05035028	2458248.39474201
2568449.99871956	2569912.16299067	2571190.49651656	2567971.09559846	2565735.15137871	2569289.67886179	2564561.78028888	2571109.21463671	2566757.99060452	2577413.70356186	2568968.94672631
2682803.15494371	2684215.57430981	2685597.15117679	2682344.58530802	2679945.29503834	2683818.49050471	2679054.04356918	2685538.05115378	2680910.97524614	2691963.05462246	2683089.98031951
