date,South,Midwest,Northeast,West
2019-01-01,442.251494968562,465.2995936734836,443.5640691118424,443.87804741100933
2019-01-02,442.4476150578278,465.37991802904367,443.65160274193187,445.0808005381489
2019-01-03,442.6145916513161,465.42133781136397,443.7007121156068,445.14215441013204
2019-01-04,442.7521987057596,465.42377461502264,443.7113081492965,445.1915195612799
2019-01-05,442.86023954855017,465.3871888481489,443.6833400460708,445.20565830030637
2019-01-06,442.9385467151953,465.3115789449795,443.6167945795435,445.1845399377702
2019-01-07,442.9869817203371,465.19698049569564,443.51169525278516,444.6057473308868
2019-01-08,443.0054347636954,465.04346528454806,443.3681014011005,444.5140966086754
2019-01-09,442.99382437339426,464.8511402658213,443.18610721475375,444.38727332491004
2019-01-10,442.9520969946129,464.620146456343,442.965840690836,444.2253890636946
2019-01-11,442.88022651819296,464.35065780108397,442.70746253122456,444.05117507933244
2019-01-12,442.7782137705584,464.0428799650765,442.41116499749785,443.81933501737075
2019-01-13,442.646085954799,463.69704909976764,442.0771707271163,443.55281426997794
2019-01-14,442.48389605529667,463.3134305788191,441.705731504308,443.7799411914259
2019-01-15,442.29172220485043,462.89231771219363,441.29712702491673,443.4404513317241
2019-01-16,442.06966701953183,462.43403044488366,440.85166363922025,443.06621949899585
2019-01-17,441.8178569192939,461.9389140493501,440.36967307108324,442.58642377336764
2019-01-18,441.5364414113604,461.4073378085774,439.8515111664138,442.1449132467983
2019-01-19,441.2255923609221,460.8396937248237,439.2975566101652,441.5697468313066
2019-01-20,440.88550325177306,460.2363952199323,438.70820967329007,441.0624190606164
2019-01-21,440.51638843202744,459.59787586010873,438.0838909576401,440.1836857973549
2019-01-22,440.1184823465391,458.9245881011547,437.4250401867386,439.6839690494041
2019-01-23,439.69203877264584,458.2170020581206,436.7321149804672,439.0805921813898
2019-01-24,439.2373300465329,457.4756042999953,436.0055896800191,438.3889423325596
2019-01-25,438.75464629718255,456.70089667764137,435.2459542022304,437.7216487654461
2019-01-26,438.2442946730786,455.89339518735756,434.4537129170951,437.353400022938
2019-01-27,437.70659857821875,455.0536288681766,433.6293835529667,436.6212221104827
2019-01-28,437.1418969175857,454.182138734232,432.77349614286646,436.0135290014033
2019-01-29,436.5505433428559,453.2794767447423,431.8865920174855,435.22223493211976
2019-01-30,435.9329055130866,452.3462048211361,430.9692228181601,434.4006558848067
2019-01-31,435.2893643630195,451.3828938929417,430.0219495582409,433.5513646235221
2019-02-01,434.6203133875282,450.3901229900216,429.0453417110315,432.6748320174558
2019-02-02,433.9261579320133,449.3684783777136,428.039976353075,431.77154374227325
2019-02-03,433.20731450064494,448.3185527245601,427.0064373269782,430.8419979553857
2019-02-04,432.46421007708256,447.2409443086749,425.9453144665426,429.88670338902205
2019-02-05,431.69728146667944,446.1362562726386,424.85720282388013,428.9061777974265
2019-02-06,430.90697464291884,445.00509590994795,423.7427019691434,427.90094669747515
2019-02-07,430.0937441175661,443.848073982732,422.6024153046631,426.87154228412567
2019-02-08,429.2580523319611,442.6658040902255,421.43694942069635,425.81850250016583
2019-02-09,428.4003690478752,441.4589020564005,420.24691348561674,424.7423702247926
2019-02-10,427.521170774042,440.22798536857476,419.03291867112665,423.6436925297465
2019-02-11,426.62094020442163,438.9736726313567,417.79557759750105,422.5230200218348
2019-02-12,425.7001656645829,437.69658306850874,416.5355038355002,421.38090623593513
2019-02-13,424.75934059336237,436.3973360462218,415.2533114241395,420.217907078641
2019-02-14,423.7989630223405,435.0765506325459,413.9496144027611,419.0345803047743
2019-02-15,422.81953509541955,433.73484518428154,412.62502640358935,417.83148504949486
2019-02-16,421.82156258615686,432.37283695592237,411.2801602492993,416.60918138278345
2019-02-17,420.8055544482396,430.9911417450786,409.9156275891602,415.3682298901949
2019-02-18,419.7720223774944,429.5903735642302,408.5320385546529,414.1091912958016
2019-02-19,418.7214803955603,428.1711443310156,407.130001445697,412.83262609983694
2019-02-20,417.6544444460829,426.73406358359534,405.71012243508295,411.53909425130803
2019-02-21,416.57143202417234,425.2797382358021,404.2730053079713,410.2291548279543
2019-02-22,415.47296180692547,423.8087723304687,402.81925121609436,408.90336577240237
2019-02-23,414.35955331620903,422.3217668397888,401.34945845175946,407.5622836024494
2019-02-24,413.23172659528996,420.819319473043,399.8642222631076,406.2064631941888
2019-02-25,412.0900019023165,419.30202450962463,398.36413466583326,404.83645754616236
2019-02-26,410.9348994320248,417.770472660214,396.8497842924903,403.45281758462465
2019-02-27,409.7669390417857,416.2252509339462,395.3217562643908,402.0560919853368
2019-02-28,408.58664001345574,414.66694254154413,393.7806320645422,400.64682700758755
2019-03-01,407.3945208199992,413.0961268089947,392.22698946225466,399.225566358601
2019-03-02,406.19109891966235,411.51337911514634,390.6614024266094,397.7928510680377
2019-03-03,404.97689056783327,409.91927084090315,389.0844410703706,396.34921938313
2019-03-04,403.752410637884,408.3143693489835,387.49667162629487,394.895206687094
2019-03-05,402.518172477297,406.6992379645302,385.8986564082013,393.43134541712095
2019-03-06,401.2746877681425,405.0744359949721,384.2909538361176,391.9581650354227
2019-03-07,400.02246640768436,403.4405187460994,382.6741184277707,390.476191972078
2019-03-08,398.762016412056,401.7980375672022,381.0487008509979,388.985949621368
2019-03-09,397.4938438294035,400.14753990534723,379.41524796011817,387.4879583304859
2019-03-10,456.21840806894835,458.48924348606454,437.77430286947464,438.43383238614837
2019-03-11,454.93630027609436,456.8243399848264,436.1264050244572,436.9359731380012
2019-03-12,453.64797565461663,455.15303974732797,434.47209030350564,435.4178269710513
2019-03-13,452.35393187519986,453.4758754920904,432.8118911258358,433.8939833026925
2019-03-14,451.0546644607357,451.7933765491589,431.1463365593593,432.3649477493782
2019-03-15,449.75066679291876,450.1060689860373,429.4759524751233,430.83122317000135
2019-03-16,448.44243012896067,448.4144757751284,427.8012616775103,429.29330976336513
2019-03-17,447.1304436391374,446.71911694346784,426.1227840607566,427.7517051656743
2019-03-18,445.81519444349715,445.02050975635194,424.44103677926535,426.2069045741869
2019-03-19,444.4971676656632,443.3191688885742,422.7565344251256,424.65940086147964
2019-03-20,443.1768464913976,441.61560662435375,421.06978920129427,423.1096847080918
2019-03-21,441.85471224646165,439.91033304375105,419.3813111230214,421.55824475018863
2019-03-22,440.5312444639071,438.2038562401883,417.6916082089709,420.00556771167345
2019-03-23,439.20692097352196,436.4966825158148,416.00118668485976,418.45213856642806
2019-03-24,437.88221798693394,434.78931660513774,414.31055120043067,416.89844068661995
2019-03-25,436.5576101960666,433.0822618875492,412.6202050220811,415.3449560087087
2019-03-26,435.23357085965773,431.3760206077857,410.9306502638039,413.792165189386
2019-03-27,433.9105719117715,429.67109409970533,409.2423880968686,412.2405477737649
2019-03-28,432.58908405213896,427.9679830081983,407.5559189593909,410.6905823591066
2019-03-29,431.26957685061643,426.26718750931354,405.8717427860042,409.1427467545826
2019-03-30,429.9525188419104,424.5692075304588,404.19035920885057,407.59751814702196
2019-03-31,428.63837762287477,422.8745429678324,402.5122677801679,406.05537326338356
2019-04-01,427.32761994138787,421.18369390192873,400.8379681644216,404.5167885179953
2019-04-02,426.02071178791317,419.49716080722726,399.1679603600205,402.982240175265
2019-04-03,424.7181184747413,417.81544475381554,397.50274488860646,401.4522044787894
2019-04-04,423.420304711951,416.139047602625,395.842822979616,399.92715780779
2019-04-05,422.127734676244,414.4684722006657,394.1886967603567,398.4075767944909
2019-04-06,420.84087206873346,412.80422255934775,392.5408694363332,396.89393845280614
2019-04-07,419.5602247736419,411.1468040158529,390.89984544137354,395.38672028270366
2019-04-08,418.2861664690608,409.49672340947814,389.2661305966577,393.8864003751215
2019-04-09,417.0192042953564,407.8544892183613,387.6402322623477,392.3934575003198
2019-04-10,415.75980044592984,406.22061169391105,386.0226594500232,390.908371179288
2019-04-11,414.50841677456003,404.59560298971996,384.41392295363227,389.4316217442798
2019-04-12,413.2655147880766,402.9799772684069,382.81453542901835,387.9636903875609
2019-04-13,412.03155561739334,401.37425078438713,381.22501151301884,386.50505918599754
2019-04-14,410.80699997958294,399.7789419728326,379.6458678589479,385.0562111107188
2019-04-15,409.59230811912846,398.19457149843345,378.07762320376725,383.6176300265969
2019-04-16,408.3879397388546,396.6216622984872,376.52079840455986,382.1898006508283
2019-04-17,407.19435390799856,395.0607396076397,374.9759164393426,380.7732085149533
2019-04-18,406.01200895470316,393.51233095362176,373.4435024280004,379.3683398899248
2019-04-19,404.84136234452205,391.9769661459104,371.92408357225895,377.9756816774341
2019-04-20,403.6828705335651,390.4551772337925,370.41818914131284,376.5957213019977
2019-04-21,402.53698881039026,388.9474984426855,368.92635038676707,375.2289465405554
2019-04-22,401.4041711119332,387.4544660913435,367.4491004514644,373.87584534161874
2019-04-23,400.2848698277452,385.976618489641,365.9869742677161,372.5369056023998
2019-04-24,399.1795355779296,384.5144957967185,364.54050839886537,371.21261489977746
2019-04-25,398.0886169779729,383.06863987368575,363.1102408981538,369.90346017915493
2019-04-26,397.0125603805633,381.63959409963167,361.69671110600916,368.60992738209063
2019-04-27,395.95180959431684,380.2279031610037,360.30045944568354,367.33250100521474
2019-04-28,394.9068055924712,378.83411282268736,358.92202717587634,366.07166357488677
2019-04-29,393.8779861984056,377.45876965704036,357.56195612347983,364.8278950079574
2019-04-30,392.8657857388391,376.1024207647804,356.220788394191,363.6016718325198
2019-05-01,391.87063470471645,374.7656134521402,354.8990660461972,362.3934661885421
2019-05-02,390.892959367157,373.448894878227,353.597330736364,361.2037445589647
2019-05-03,389.9331813918699,372.1528116870615,352.31612334309517,360.0329660383431
2019-05-04,388.9917174244365,370.87790959587255,351.0559835550622,358.8815799303802
2019-05-05,388.06897866660216,369.62473296006635,349.81744942895057,357.7500221866224
2019-05-06,387.1653704309786,368.39382429737555,348.6010569225514,356.63870977330686
2019-05-07,386.28129167557597,367.1857238001206,347.4073393920907,355.54803104236674
2019-05-08,385.4171345296196,366.0009687948751,346.23682706300946,354.47832724223457
2019-05-09,384.57328380205774,364.8400931853745,345.09004646185883,353.42985086900273
2019-05-10,383.7501164695915,363.7036268540192,343.9675198399209,352.4026422468633
2019-05-11,382.9480011562225,362.5920950437928,342.8697645295174,351.39581251704277
2019-05-12,382.1672976014792,361.50601769313545,341.7972923102427,350.38019738114144
2019-05-13,381.4083561104143,360.44590875052734,340.750608714539,349.4201402677226
2019-05-14,380.6715169973552,359.41227545742623,339.73021231640377,348.4240637914437
2019-05-15,379.9571100228957,358.4056175995291,338.7365939956314,347.5216476827983
2019-05-16,379.2654538117761,357.4264267221774,337.770236166061,346.62818532542695
2019-05-17,378.59685527640124,356.4751853344285,336.8316119837842,345.7781774718513
2019-05-18,377.9516090285947,355.55236606228243,335.9211845198156,344.9360691051309
2019-05-19,377.3299967868292,354.6584308037946,335.0394059193433,344.13959158121526
2019-05-20,376.7322867817384,353.79382982964796,334.1867165316104,343.36942009852817
2019-05-21,376.15873316570645,352.9590008886427,333.3635440297074,342.6259012687026
2019-05-22,375.60957541800286,352.1543682772029,332.5703024926278,341.9091323805909
2019-05-23,375.0850377579132,351.38034189185424,331.8073914849584,341.2189821327391
2019-05-24,374.5853285602165,350.6373162781164,331.07519513226185,340.55500289933235
2019-05-25,374.11063978166396,349.9256696532657,330.3740811653504,339.91121931164247
2019-05-26,373.6611463955362,349.2457629230593,329.7043999622127,339.17333022334793
2019-05-27,373.2370058406877,348.59793870875626,329.066483606326,338.6043943661495
2019-05-28,372.8383574854813,347.982520349243,328.46064491566284,338.0641071797712
2019-05-29,372.4653221090658,347.39981091968264,327.8871765060117,337.54817009013374
2019-05-30,372.1180014026338,346.8500922591993,327.34634982745894,337.0673028448739
2019-05-31,371.79647749491164,346.33362400445856,326.8384142512931,336.61582916144386
2019-06-01,371.50081250838707,345.85064263584945,326.3635961467502,336.19257891201875
2019-06-02,371.2310481304923,345.4013605604048,325.9220980001656,335.79964073533387
2019-06-03,370.9872052363581,344.98596520696304,325.5140975402734,335.4347068541483
2019-06-04,370.76928352877326,344.6046181622211,325.13974692397585,335.0926976507244
2019-06-05,370.5772612232719,344.25745434305924,324.79917193069844,334.53143099483026
2019-06-06,370.4110947755358,343.94458120895035,324.492471229468,334.2732768202531
2019-06-07,370.2707186437621,343.6660780298162,324.2197156728553,334.04604411765683
2019-06-08,370.1560451056034,343.42199520623996,323.98094765143014,333.84974012492717
2019-06-09,370.06696411404204,343.2123536519355,323.7761805153065,333.68425972923364
2019-06-10,370.0033432089128,343.03714423397525,323.60539806263296,333.54035411302857
2019-06-11,369.96502748167086,342.89632729980156,323.468554074458,333.4374307650465
2019-06-12,369.9518395854885,342.7898322643569,323.36557195218,333.3653961244406
2019-06-13,369.96357981123845,342.7175572930866,323.29634442235266,333.3241561897509
2019-06-14,370.0000262159535,342.6793690549246,323.2607333184489,333.3135886172345
2019-06-15,370.06093481253305,342.6751025782232,323.2585694653395,333.3335420921214
2019-06-16,370.14603981497675,342.70456118961187,323.2896526389489,333.3838358538824
2019-06-17,370.255053943319,342.7675165620033,323.3537516198509,333.4642596226631
2019-06-18,370.38766879557664,342.86370883585977,323.4506043562071,333.5745743057182
2019-06-19,370.5435552751729,342.9928468696488,323.57991820523677,333.71451423300306
2019-06-20,370.72236407782987,343.154608571775,323.74137028365885,333.8837908180255
2019-06-21,370.9237262395767,343.34864134416586,323.93460791755814,334.0820915167297
2019-06-22,371.14725374402417,343.57456261330077,324.15924916753914,334.3090591147908
2019-06-23,371.39254018680447,343.8319604852737,324.41488349947144,334.56426715090595
2019-06-24,371.65916149011116,344.12039447814914,324.7010724880261,334.84723615137744
2019-06-25,371.9466766806404,344.4393963582969,325.0173506732553,335.15746158808116
2019-06-26,372.2546287078422,344.78847108020534,325.3632264519568,335.4944207946909
2019-06-27,372.582545318152,345.16709779857,325.73818311314506,335.8575709425121
2019-06-28,372.9299399691386,345.5747309845834,326.14167990925887,336.2463476402552
2019-06-29,373.29631279026836,346.010801610599,326.57315321964467,336.6601651902594
2019-06-30,373.6811515778999,346.47471841497025,327.0320178127173,337.09841783958154
2019-07-01,374.0839328306717,346.96586924393404,327.51766812846336,337.56048148030334
2019-07-02,374.50412280562745,347.48362244692896,328.0294796761703,338.0457155277589
2019-07-03,374.9411786155153,348.02732833222694,328.5668104326999,338.5633530940645
2019-07-04,375.3945493312265,348.5963206805425,329.1290023348145,339.09381236048705
2019-07-05,375.86367711776734,349.18991829137445,329.7153827858517,339.6450587749722
2019-07-06,376.3479983717523,349.80742656755507,330.32526621085555,340.2166995873312
2019-07-07,376.84694487980875,350.44813913444426,330.95795562279307,340.8080834229153
2019-07-08,377.3599449625312,351.11133947262294,331.6127442327407,341.4185266620453
2019-07-09,377.88642464397805,351.79630256181434,332.28891704727675,342.3459779513408
2019-07-10,378.4258087897544,352.5022965369173,332.98575248661564,343.00895480719873
2019-07-11,378.9775222549538,353.2285843379492,333.7025239929133,343.68540606108394
2019-07-12,379.54099101193185,353.9744253457093,334.43850163292444,344.37641785324087
2019-07-13,380.11564325712504,354.73907701117463,335.19295368515236,345.0833701589157
2019-07-14,380.70091050385287,355.5217964479366,335.96514819393417,345.80313564595014
2019-07-15,381.2962286412321,356.32184200765374,336.7543545206893,346.5365086329378
2019-07-16,381.901038972204,357.13847481024465,337.55984482245066,347.2895301314248
2019-07-17,382.5147892098051,357.97096023629626,338.38089552323726,348.0488638589484
2019-07-18,383.1369344526254,358.81856937664173,339.21678872190216,348.819907887815
2019-07-19,383.7669381026092,359.68058041519726,340.06681356041196,349.76195677076157
2019-07-20,384.4042727562587,360.5562799727112,340.9302675200011,350.5657105849937
2019-07-21,385.048421049846,361.4449643848545,341.8064576949337,351.37656517126135
2019-07-22,385.6988764525704,362.34594091009774,342.69470194747964,352.1956061299043
2019-07-23,386.3551440244114,363.2585288853926,343.5943300627366,353.0225321278516
2019-07-24,387.0167411132109,364.182060792373,344.50468479776123,353.8571558618159
2019-07-25,387.6831980099658,365.11588327817145,345.42512286016,354.6989428169917
2019-07-26,388.35405855264315,366.0593580923323,346.35501584482927,355.56662583852017
2019-07-27,389.02888067561423,367.0118629367018,347.293751073734,356.42386912355283
2019-07-28,389.7072369092802,367.9727922733715,348.24073237191016,357.28583169155445
2019-07-29,390.3887148340438,368.94155803247406,349.19538078360904,358.1741820183936
2019-07-30,391.0729174733545,369.91759025657785,350.1571351924434,359.04803651350613
2019-07-31,391.7594636426065,370.90033768208497,351.1254528974405,360.00578594135015
2019-08-01,392.4479882448265,371.8892682241382,352.09981010205615,360.89505587708334
2019-08-02,393.1381425208331,372.8838694226888,353.07970234362125,361.8257912158841
2019-08-03,393.8295942479674,373.8836487960233,354.06464484612513,362.7220525389204
2019-08-04,394.5220278962931,374.88813413898947,355.0541728170006,363.61931471283674
2019-08-05,395.21514473067634,375.89687375350076,356.047841681515,364.51791349225556
2019-08-06,395.9086628816382,376.90943661586476,357.04522724211256,365.4177888074298
2019-08-07,396.6023173647293,377.92541249314263,358.0459258000045,366.31876673532344
2019-08-08,397.2958600646635,378.9444119882922,359.0495542009167,367.22063172357343
2019-08-09,397.9890596770425,379.9660665433309,360.0557498392757,368.1231543690346
2019-08-10,398.6817016224835,380.9900283844578,361.0641706160552,369.0261045122991
2019-08-11,399.3735879109539,382.015970416871,362.0744948365289,369.9292581384172
2019-08-12,400.06453699789563,383.04358608773435,363.0864210598409,370.83240134159007
2019-08-13,400.754383582192,384.07258918943666,364.0996679308673,371.735332688567
2019-08-14,401.4429784057814,385.102713634555,365.1139739483895,372.63786464550327
2019-08-15,402.1301880019797,386.1337131899618,366.1290972172656,373.5398244695161
2019-08-16,402.81589443796094,387.1653611776282,367.14481514300564,374.4410547007991
2019-08-17,403.4999950319873,388.19745015507465,368.1609241209341,375.3414134216414
2019-08-18,404.18240204585624,389.229791546679,369.177239190668,376.24077433172266
2019-08-19,404.8630423680016,390.2622152713477,370.19359364809605,377.1390267098155
2019-08-20,405.54185717863174,391.2945693410143,371.2098386670404,378.03607526373025
2019-08-21,406.2188016018636,392.326719435526,372.2258428800082,378.9318399204729
2019-08-22,406.8938443460294,393.35854846501474,373.2414919477668,379.82625556603944
2019-08-23,407.566967337219,394.3899561167792,374.2566881100612,380.7192717253152
2019-08-24,408.238165345109,395.4208583906146,375.2713497312437,381.6108522327694
2019-08-25,408.9074455967352,396.45118712256016,376.28541083326235,382.50097485660757
2019-08-26,409.57482739655507,397.4808895022322,377.29882062117963,383.3896309149737
2019-08-27,410.2403417329089,398.5099275824944,378.31154299808037,384.27682487723087
2019-08-28,410.9040308884413,399.5382777792196,379.32355608012887,385.16257394370547
2019-08-29,411.5659480481341,400.56593038182075,380.33485169972863,386.0469076212176
2019-08-30,412.226156908226,401.59288904904963,381.3454349169721,386.9298673035828
2019-08-31,412.884731283865,402.6191703012992,382.3553235342295,387.8115058329948
2019-09-01,413.5417547201018,403.64480303298507,383.36454758561456,388.69188706492287
2019-09-02,414.1973201045677,404.669828000423,384.3731488537581,389.571085432738
2019-09-03,414.85152928763137,405.69429733236024,385.3811803903987,390.4491855107263
2019-09-04,415.50449269692126,406.718274029227,386.38870600050825,391.32628158738197
2019-09-05,416.15632896299326,407.7418314756027,387.3957997818751,392.20247721806845
2019-09-06,416.80716454337886,408.76505295113066,388.4025456358003,393.07788481347416
2019-09-07,417.4571333575566,409.78803113401966,389.4090367776521,393.952625196795
2019-09-08,418.10637641570355,410.81086763324095,390.4153752743568,394.8268271858933
2019-09-09,418.7550414604097,411.83367250185137,391.4216715663534,395.70062716945165
2019-09-10,419.403282601499,412.8565637568196,392.42804398908237,396.57416869106396
2019-09-11,420.0512599640875,413.879666915992,393.4346183217679,397.4476020261693
2019-09-12,420.69913933446014,414.90311451628367,394.44152731106675,398.3210837767989
2019-09-13,421.3470918021852,415.92704564703763,395.4489102110043,399.194776440231
2019-09-14,421.9952934103517,416.9516054890139,396.4569123139402,400.0688480161927
2019-09-15,422.6439248086745,417.9769448301444,397.465684500907,400.9434715806465
2019-09-16,423.29317089368993,419.0032196123805,398.47538276537534,401.81882488121096
2019-09-17,423.9432204613272,420.0305904525133,399.4861677616484,402.6950899151547
2019-09-18,424.5942658496909,421.059222172199,400.49820432184634,403.57245251117195
2019-09-19,425.2465025818479,422.0892833197081,401.51166100649164,404.45110191647404
2019-09-20,425.90012899998004,423.12094569708785,402.52670961018254,405.33123036960586
2019-09-21,426.5553459066715,424.15438386590756,403.5435247009567,406.2130326653066
2019-09-22,427.2123561810298,425.18977466234327,404.56228311941226,407.096705722956
2019-09-23,427.8713644081369,426.2272966985473,405.58316349708883,407.9824481429274
2019-09-24,428.5325764869125,427.2671298491698,406.60634574696167,408.87045975365373
2019-09-25,429.1961992372858,428.3094547436654,407.6320105644556,409.76094115211976
2019-09-26,429.862439992556,429.35445223613345,408.6603388987262,410.65409322604694
2019-09-27,430.53150618221355,430.40230286689007,409.69151142072076,411.55011668486156
2019-09-28,431.20360490834406,431.45318631326825,410.7257079850711,412.44921155089713
2019-09-29,431.8789425042785,432.50728082566627,411.76310706624827,413.351576666791
2019-09-30,432.5577240801598,433.56476264998093,412.8038852041968,414.2574091573281
2019-10-01,433.2401530635904,434.62580544610904,413.8482163944211,415.166903912064
2019-10-02,433.92643071343304,435.69057966421576,414.8962715113442,416.08025302485885
2019-10-03,434.61675563030315,436.75925193795405,415.94821768291416,416.9976452262253
2019-10-04,435.3113232443877,437.83198443784994,417.0042176602412,417.91926531007067
2019-10-05,436.0103252932404,438.90893421939137,418.06442917039715,418.84529353542626
2019-10-06,436.7139492832275,439.99025255122143,419.1290042570743,419.7759050024953
2019-10-07,437.4223779348501,441.0760842289235,420.1980885864222,420.71126903372067
2019-10-08,438.1357886069182,442.1665668649801,421.2718207697939,421.65154852019356
2019-10-09,438.85435272096333,443.26183017669297,422.35033163462845,422.5968992621213
2019-10-10,439.5782351541113,444.3619952413895,423.4337435068346,423.54746928888585
2019-10-11,440.3075936248787,445.4671737463684,424.52216944820674,424.5033981624244
2019-10-12,441.04257806722774,446.5774672224967,425.6157125295834,425.46481627059063
2019-10-13,441.78332999091117,447.6929662656123,426.71446501747477,426.4318441051281
2019-10-14,442.5299818224124,448.813749733928,427.81850762450625,427.4045915273794
2019-10-15,443.2826562433952,449.93988395328824,428.92790869345004,428.38315701577733
2019-10-16,444.04146552236557,451.07142189666246,430.042723391442,429.36762691400287
2019-10-17,444.8065108186823,452.2084023546758,431.16299289948347,430.35807466196724
2019-10-18,445.5778815045656,453.3508491197496,432.2887435942562,431.35456002448717
2019-10-19,446.35565446738764,454.49877012917176,433.4199862065688,432.35712831729245
2019-10-20,447.1398934061673,455.6521566496698,434.5567150079634,433.36580961564863
2019-10-21,447.9306481379777,456.8109824234688,435.698906976302,434.38061798913145
2019-10-22,448.727953896123,457.97520284109737,436.84652096608966,435.4015507137876
2019-10-23,449.531830633775,459.14475410748594,437.99949689617205,436.42858749957315
2019-10-24,450.3422823380441,460.3195524261915,439.1577549219921,437.4616897314871
2019-10-25,451.1592963394979,461.49949318226743,440.3211946596188,438.50079971637865
2019-10-26,451.9828426471609,462.68445015473924,441.4896943740519,439.5458399448879
2019-10-27,452.81282868331255,463.8742747379098,442.6631102280346,440.5967123762822
2019-10-28,453.6492770688774,465.0687951884425,443.8412755293801,441.65329774964306
2019-10-29,454.4920573608974,466.26781589977094,445.0240000154168,442.7154549167704
2019-10-30,455.34106388155715,467.47111670217674,446.2110691734522,443.78302022144095
2019-10-31,456.19617053972894,468.6784522101178,447.4022435638812,444.855806910415
2019-11-01,457.05723028973006,469.8895511875093,448.59725822752785,445.9336045940989
2019-11-02,457.9240746201298,471.10411597966555,449.79582209870773,447.0161787767438
2019-11-03,398.7965576874912,412.3221478769486,390.99761748620244,395.65217346236494
2019-11-04,399.67437745810525,413.5426430435214,392.2022995995954,396.7294177429393
2019-11-05,400.55734295720515,414.76554748981295,393.40949613108387,397.82466761306165
2019-11-06,401.445195500277,415.99045311374834,394.6188069064337,398.92350792550997
2019-11-07,402.33765300412,417.21692331597865,395.8298035794403,400.02557932433103
2019-11-08,403.23440975354225,418.44449277980704,397.0420294378821,401.1304975038484
2019-11-09,404.1351362117118,419.67266731782047,398.254999240888,402.23785368984437
2019-11-10,405.03947890447483,420.90092382472716,399.46819915907014,403.3472154892796
2019-11-11,405.94706035908104,422.1287102883813,400.6810868015669,404.4581282816403
2019-11-12,406.8574791118511,423.3554459025608,401.89309130849495,405.5701174677698
2019-11-13,407.77030978102835,424.58052127719515,403.10361356443343,406.68269223807096
2019-11-14,408.6851032182798,425.8032987312327,404.31202648296926,407.79535227105555
2019-11-15,409.6013867278724,427.0231127052801,405.517675399711,408.9076022139704
2019-11-16,410.5186643608171,428.23927025625454,406.71987857826707,409.863424080612
2019-11-17,411.43641729171367,429.45105167920343,407.9179277842792,410.96942705546917
2019-11-18,412.3541042671047,430.6577112179327,409.11108901339327,411.74184158705833
2019-11-19,413.27116214240533,431.8584778968099,410.29860328207826,412.9921837902112
2019-11-20,414.187006486155,433.0525564642237,411.4796875719363,413.9875401561104
2019-11-21,415.10103228060717,434.23912844361496,412.65353582858904,415.4123873480954
2019-11-22,416.01261468989594,435.4173532963745,413.8193201331523,416.41965357252303
2019-11-23,416.92110991445463,436.5863696988602,414.97619193093965,417.59022706824817
2019-11-24,417.82585612183294,437.7452969208952,416.12328338639696,418.65259321057795
2019-11-25,418.72617445858543,438.89323632688445,417.25970884924607,419.7763699703349
2019-11-26,419.6213701325734,440.0292729672125,418.384566414406,420.823706552808
2019-11-27,420.5107335678292,441.1524772751566,419.49693958592866,421.8584137270695
2019-11-28,421.39354163392056,442.26190685823,420.59589902830106,422.8830193790606
2019-11-29,422.2690589456236,443.3566083920508,421.68050440403607,423.8956955055687
2019-11-30,423.13653920563576,444.4356195789143,422.7498063157969,424.36750266375776
2019-12-01,423.9952266311597,445.49797120384846,423.80284830119405,425.35453434130363
2019-12-02,424.84435741454513,446.5426892445928,424.83866890016725,426.32665206726836
2019-12-03,425.6831612411042,447.5687970595433,425.85630379897276,427.25612412312165
2019-12-04,426.5108628455851,448.57531761447495,426.85478800616045,428.19064627938917
2019-12-05,427.32668360523695,449.5612757588349,427.833158075188,429.6364649771252
2019-12-06,428.1298431658496,450.5257005353338,428.7904543827859,430.53564299553534
2019-12-07,428.919561084618,451.4676275061271,429.7257233870678,431.40977742500417
2019-12-08,429.69505849465276,452.3861010950427,430.63801992108074,432.27009590033765
2019-12-09,430.455559775672,453.28017692866104,431.5264095049188,433.1327736868466
2019-12-10,431.20029422627493,454.1489241515255,432.3899705908961,433.9505347264951
2019-12-11,431.92849772782506,454.9914277275104,433.2277968451748,434.74576496199955
2019-12-12,432.63941440422906,455.8067907115059,434.03899934211694,434.4344564568848
2019-12-13,433.3322982474395,456.59413644474057,434.8227087538369,435.1819245084557
2019-12-14,434.00641472478384,457.35261071277455,435.5780774445202,435.90431443683866
2019-12-15,434.6610423488894,458.0813838185364,436.3042815193489,436.60079680522495
2019-12-16,435.2954742015273,458.7796525708209,437.00052278559485,437.27678697914524
2019-12-17,435.9090194137202,459.44664218774153,437.6660306073829,437.91920613371224
2019-12-18,436.5010045827766,460.08160807219355,438.3000636872221,438.5334891144516
2019-12-19,437.0707751433941,460.68383750284744,438.90191171169533,439.11893751365545
2019-12-20,437.6176966515582,461.2526511813922,439.4708968950877,439.67488452992365
2019-12-21,438.1411560109832,461.78740465624657,440.00637538883836,440.2006965085532
2019-12-22,438.6405626187307,462.2874896047315,440.5077385676826,440.69577373838314
2019-12-23,439.1153494340299,462.75233498756376,440.97441417004455,441.1595517470619
2019-12-24,439.5649739530631,463.18140804283365,441.4058673063659,441.59150620253104
2019-12-25,439.9889191143275,463.57421514192436,441.8016013163487,441.9911475205254
2019-12-26,440.38669409337433,463.9303024841111,442.16115848426136,442.35802405029926
2019-12-27,440.7578350308781,464.24925665572187,442.48412061670535,442.68555848692796
2019-12-28,441.1019056517737,464.5307050214523,442.77010944970584,442.98570035848167
2019-12-29,441.41849780393323,464.7743159815747,443.01878694828474,443.251951962756
2019-12-30,441.70723189423626,464.9797990756212,443.2298554268883,443.4840154986392
2019-12-31,441.96775725291906,465.1469049501447,443.4030575573813,443.68163134059165
